OrderID,OrderDate,CustomerID,CustomerName,Region,City,Category,Product,Quantity,UnitPrice,Sales,Discount,Profit,PaymentMethod
ORD00001,2025-04-01,CUST9935,Customer_45,Cairo,Nasr City,Home,Microwave,2,335,670.0,0.0,180.35,Online
ORD00002,2024-10-14,CUST4257,Customer_367,Upper Egypt,Assiut,Electronics,Phone,2,526,841.6,0.2,210.82,Online
ORD00003,2024-03-22,CUST7924,Customer_175,Alexandria,Gleem,Fashion,Watch,5,619,3095.0,0.0,896.63,Card
ORD00004,2024-06-25,CUST5333,Customer_414,Giza,6th October,Home,Blender,1,828,828.0,0.0,157.11,Cash
ORD00005,2024-11-12,CUST6925,Customer_296,Upper Egypt,Luxor,Electronics,Tablet,1,1180,1062.0,0.1,326.41,Cash
ORD00006,2024-07-13,CUST5554,Customer_233,Cairo,Nasr City,Fashion,Jacket,1,1801,1710.95,0.05,541.72,Online
ORD00007,2024-12-15,CUST2169,Customer_312,Delta,Tanta,Home,Vacuum,2,1422,2559.6,0.1,705.05,Online
ORD00008,2024-11-23,CUST4598,Customer_351,Giza,Sheikh Zayed,Fashion,Shoes,4,827,2977.2,0.1,1034.22,Card
ORD00009,2025-04-27,CUST6155,Customer_109,Cairo,Nasr City,Electronics,Headphones,4,598,2392.0,0.0,365.37,Online
ORD00010,2024-10-02,CUST5304,Customer_383,Upper Egypt,Sohag,Sports,Treadmill,3,335,954.75,0.05,273.29,Online
ORD00011,2025-01-21,CUST1771,Customer_441,Upper Egypt,Luxor,Sports,Dumbbells,2,333,532.8,0.2,119.02,Cash
ORD00012,2024-08-27,CUST9669,Customer_129,Giza,Sheikh Zayed,Fashion,Watch,5,180,765.0,0.15,149.48,Online
ORD00013,2024-08-20,CUST1053,Customer_489,Cairo,Maadi,Electronics,Headphones,3,278,750.6,0.1,156.64,Online
ORD00014,2024-03-19,CUST7126,Customer_391,Delta,Zagazig,Fashion,Shirt,3,1773,4255.2,0.2,1073.34,Cash
ORD00015,2025-03-25,CUST6038,Customer_123,Alexandria,Montaza,Electronics,Headphones,4,89,356.0,0.0,118.29,Cash
ORD00016,2024-09-29,CUST3060,Customer_66,Giza,Sheikh Zayed,Electronics,Phone,4,1721,6884.0,0.0,2371.51,Online
ORD00017,2024-04-18,CUST9835,Customer_387,Upper Egypt,Luxor,Fashion,Jacket,5,1836,7344.0,0.2,1511.28,Online
ORD00018,2024-05-06,CUST4681,Customer_33,Giza,Sheikh Zayed,Home,Chair,3,947,2272.8,0.2,483.81,Card
ORD00019,2025-04-08,CUST1514,Customer_441,Cairo,Maadi,Fashion,Shoes,1,195,195.0,0.0,30.66,Card
ORD00020,2025-04-23,CUST8744,Customer_125,Cairo,Maadi,Fashion,Jacket,4,488,1561.6,0.2,207.81,Card
ORD00021,2025-03-18,CUST1887,Customer_345,Upper Egypt,Assiut,Electronics,Phone,4,775,2635.0,0.15,534.31,Online
ORD00022,2024-08-17,CUST3296,Customer_217,Cairo,Nasr City,Sports,Dumbbells,1,559,531.05,0.05,78.36,Cash
ORD00023,2024-11-29,CUST9856,Customer_429,Delta,Mansoura,Fashion,Shirt,4,1704,5452.8,0.2,678.75,Cash
ORD00024,2025-04-07,CUST1960,Customer_85,Cairo,Nasr City,Fashion,Watch,4,1035,3933.0,0.05,1243.47,Card
ORD00025,2024-09-06,CUST3536,Customer_98,Cairo,Heliopolis,Home,Chair,3,916,2198.4,0.2,583.6,Card
ORD00026,2025-04-15,CUST9701,Customer_81,Giza,6th October,Electronics,Headphones,1,152,121.6,0.2,26.65,Cash
ORD00027,2025-04-27,CUST5033,Customer_297,Alexandria,Smouha,Fashion,Shirt,5,189,897.75,0.05,180.4,Online
ORD00028,2024-05-13,CUST4346,Customer_343,Cairo,Maadi,Electronics,Tablet,5,1207,4828.0,0.2,864.66,Online
ORD00029,2025-04-20,CUST2188,Customer_5,Delta,Tanta,Home,Chair,2,1425,2565.0,0.1,549.7,Card
ORD00030,2025-04-22,CUST6718,Customer_452,Alexandria,Montaza,Electronics,Phone,5,486,1944.0,0.2,323.29,Cash
ORD00031,2024-11-09,CUST9666,Customer_5,Giza,Dokki,Home,Microwave,4,1757,5622.4,0.2,1551.14,Online
ORD00032,2024-03-20,CUST5462,Customer_145,Alexandria,Gleem,Electronics,Laptop,3,286,858.0,0.0,245.05,Online
ORD00033,2025-04-09,CUST1832,Customer_48,Giza,Sheikh Zayed,Home,Microwave,3,1085,2766.75,0.15,450.37,Online
ORD00034,2024-05-14,CUST3647,Customer_380,Upper Egypt,Sohag,Electronics,Phone,3,1629,4642.65,0.05,1203.74,Card
ORD00035,2025-03-03,CUST7049,Customer_299,Alexandria,Montaza,Sports,Football,1,204,193.8,0.05,45.81,Online
ORD00036,2024-04-17,CUST5088,Customer_342,Giza,Dokki,Fashion,Shirt,3,796,2388.0,0.0,775.46,Cash
ORD00037,2025-02-19,CUST3900,Customer_452,Delta,Zagazig,Sports,Treadmill,2,1820,3458.0,0.05,1189.73,Card
ORD00038,2024-02-25,CUST7267,Customer_447,Cairo,Nasr City,Home,Chair,2,596,1132.4,0.05,336.15,Cash
ORD00039,2024-12-03,CUST4164,Customer_205,Upper Egypt,Assiut,Fashion,Watch,3,675,1923.75,0.05,299.59,Card
ORD00040,2024-01-15,CUST2889,Customer_450,Delta,Tanta,Home,Vacuum,5,868,3472.0,0.2,634.64,Card
ORD00041,2025-02-06,CUST6139,Customer_224,Giza,Sheikh Zayed,Home,Blender,1,1271,1080.35,0.15,201.4,Online
ORD00042,2025-04-18,CUST9821,Customer_352,Alexandria,Smouha,Sports,Treadmill,3,140,357.0,0.15,35.85,Online
ORD00043,2024-03-04,CUST5920,Customer_260,Giza,Dokki,Sports,Football,3,1326,3580.2,0.1,951.78,Card
ORD00044,2025-04-26,CUST7211,Customer_347,Upper Egypt,Sohag,Sports,Dumbbells,5,310,1472.5,0.05,302.03,Online
ORD00045,2024-04-17,CUST8043,Customer_403,Giza,Sheikh Zayed,Home,Chair,5,1757,8785.0,0.0,1545.89,Online
ORD00046,2025-02-10,CUST3780,Customer_338,Alexandria,Montaza,Home,Chair,4,955,3629.0,0.05,826.66,Cash
ORD00047,2024-04-11,CUST3414,Customer_13,Delta,Zagazig,Home,Blender,2,1427,2568.6,0.1,401.11,Cash
ORD00048,2024-12-22,CUST7291,Customer_254,Giza,Dokki,Electronics,Tablet,4,1864,5964.8,0.2,886.42,Card
ORD00049,2024-12-22,CUST9486,Customer_238,Giza,6th October,Electronics,Phone,4,498,1892.4,0.05,569.66,Cash
ORD00050,2024-10-13,CUST6198,Customer_487,Alexandria,Smouha,Electronics,Tablet,2,1691,2874.7,0.15,767.24,Card
ORD00051,2025-01-19,CUST5050,Customer_431,Alexandria,Montaza,Sports,Bike,2,1573,2674.1,0.15,568.29,Online
ORD00052,2024-04-30,CUST5451,Customer_172,Delta,Zagazig,Sports,Treadmill,3,950,2850.0,0.0,793.4,Card
ORD00053,2024-02-02,CUST7797,Customer_209,Alexandria,Smouha,Fashion,Shoes,2,834,1584.6,0.05,438.31,Card
ORD00054,2025-01-29,CUST1320,Customer_439,Alexandria,Gleem,Sports,Football,2,1755,2983.5,0.15,588.85,Online
ORD00055,2025-05-03,CUST7865,Customer_276,Upper Egypt,Sohag,Electronics,Headphones,3,1593,4062.15,0.15,1272.92,Online
ORD00056,2024-07-18,CUST6507,Customer_343,Alexandria,Montaza,Fashion,Watch,2,608,1033.6,0.15,228.85,Online
ORD00057,2024-07-20,CUST1444,Customer_43,Upper Egypt,Luxor,Fashion,Watch,2,1324,2118.4,0.2,226.12,Online
ORD00058,2024-08-20,CUST6355,Customer_173,Upper Egypt,Assiut,Sports,Treadmill,1,582,494.7,0.15,89.96,Card
ORD00059,2025-05-02,CUST6733,Customer_115,Delta,Mansoura,Home,Blender,4,89,284.8,0.2,32.19,Online
ORD00060,2024-05-02,CUST3068,Customer_243,Cairo,Maadi,Electronics,Phone,2,458,916.0,0.0,233.89,Online
ORD00061,2024-11-06,CUST2876,Customer_399,Cairo,Maadi,Fashion,Watch,3,1620,4374.0,0.1,620.88,Cash
ORD00062,2025-01-01,CUST4249,Customer_39,Delta,Tanta,Electronics,Headphones,5,1437,6107.25,0.15,1216.34,Online
ORD00063,2024-08-07,CUST7071,Customer_36,Giza,6th October,Home,Blender,5,1652,8260.0,0.0,1542.98,Online
ORD00064,2025-02-28,CUST8532,Customer_363,Delta,Tanta,Sports,Bike,1,937,843.3,0.1,218.33,Cash
ORD00065,2025-03-12,CUST5022,Customer_426,Upper Egypt,Assiut,Home,Chair,4,942,3014.4,0.2,503.7,Cash
ORD00066,2024-09-10,CUST6325,Customer_94,Delta,Mansoura,Fashion,Watch,5,1299,5520.75,0.15,1016.37,Card
ORD00067,2024-05-21,CUST1166,Customer_265,Giza,Dokki,Home,Vacuum,3,1852,4444.8,0.2,1223.64,Cash
ORD00068,2024-11-26,CUST9041,Customer_230,Cairo,Nasr City,Sports,Bike,5,1602,7609.5,0.05,2074.75,Cash
ORD00069,2024-10-10,CUST9698,Customer_177,Cairo,Heliopolis,Fashion,Watch,2,677,1083.2,0.2,208.25,Card
ORD00070,2025-01-04,CUST4155,Customer_162,Alexandria,Gleem,Home,Chair,3,677,1827.9,0.1,288.14,Cash
ORD00071,2024-10-28,CUST9595,Customer_306,Alexandria,Montaza,Fashion,Shoes,2,1562,2655.4,0.15,449.09,Card
ORD00072,2024-09-30,CUST3073,Customer_141,Cairo,Nasr City,Home,Microwave,3,417,1125.9,0.1,116.57,Cash
ORD00073,2024-08-28,CUST8843,Customer_226,Cairo,Maadi,Home,Microwave,4,260,1040.0,0.0,253.26,Card
ORD00074,2024-02-07,CUST1878,Customer_78,Giza,6th October,Home,Chair,1,1733,1733.0,0.0,346.91,Cash
ORD00075,2025-02-08,CUST4697,Customer_398,Alexandria,Gleem,Electronics,Laptop,1,1192,1013.2,0.15,254.9,Online
ORD00076,2024-01-31,CUST2625,Customer_486,Upper Egypt,Sohag,Sports,Dumbbells,5,928,4176.0,0.1,1011.25,Cash
ORD00077,2024-01-02,CUST7693,Customer_231,Giza,Dokki,Electronics,Laptop,2,405,648.0,0.2,76.96,Online
ORD00078,2024-08-20,CUST2166,Customer_352,Alexandria,Gleem,Home,Blender,2,640,1152.0,0.1,317.66,Cash
ORD00079,2025-04-10,CUST5352,Customer_424,Delta,Zagazig,Fashion,Watch,1,1165,1106.75,0.05,289.87,Cash
ORD00080,2024-08-12,CUST3037,Customer_240,Cairo,Nasr City,Fashion,Jacket,5,1583,6332.0,0.2,2091.45,Online
ORD00081,2024-11-02,CUST1653,Customer_456,Delta,Zagazig,Sports,Dumbbells,5,1155,4908.75,0.15,1028.09,Card
ORD00082,2024-01-11,CUST5415,Customer_296,Delta,Zagazig,Home,Blender,1,518,414.4,0.2,102.27,Cash
ORD00083,2024-09-08,CUST2494,Customer_241,Giza,Dokki,Sports,Dumbbells,2,1248,2121.6,0.15,548.85,Card
ORD00084,2024-05-27,CUST7561,Customer_417,Upper Egypt,Sohag,Home,Blender,2,725,1232.5,0.15,336.99,Online
ORD00085,2024-07-25,CUST9431,Customer_423,Cairo,Heliopolis,Electronics,Headphones,3,712,2136.0,0.0,731.68,Cash
ORD00086,2024-09-12,CUST8242,Customer_390,Alexandria,Gleem,Sports,Football,2,1111,1999.8,0.1,511.27,Cash
ORD00087,2025-05-13,CUST4920,Customer_364,Giza,Dokki,Fashion,Jacket,4,1853,6300.2,0.15,821.27,Cash
ORD00088,2024-03-01,CUST3522,Customer_256,Delta,Zagazig,Electronics,Tablet,1,510,510.0,0.0,109.83,Online
ORD00089,2024-03-15,CUST7284,Customer_98,Delta,Zagazig,Home,Chair,4,1017,3864.6,0.05,827.78,Online
ORD00090,2025-02-07,CUST9318,Customer_137,Alexandria,Montaza,Fashion,Shirt,3,1632,4161.6,0.15,769.77,Cash
ORD00091,2024-06-19,CUST9903,Customer_194,Delta,Zagazig,Home,Chair,2,964,1542.4,0.2,341.0,Card
ORD00092,2025-01-16,CUST8749,Customer_362,Delta,Tanta,Fashion,Watch,2,1803,3065.1,0.15,339.96,Card
ORD00093,2024-06-18,CUST2644,Customer_448,Upper Egypt,Luxor,Fashion,Watch,1,308,246.4,0.2,84.11,Card
ORD00094,2025-02-04,CUST5342,Customer_174,Cairo,Maadi,Sports,Football,2,889,1689.1,0.05,200.51,Online
ORD00095,2025-03-30,CUST8994,Customer_447,Upper Egypt,Luxor,Electronics,Headphones,5,828,3726.0,0.1,956.46,Online
ORD00096,2024-02-20,CUST2646,Customer_228,Cairo,Maadi,Electronics,Laptop,3,515,1545.0,0.0,322.12,Cash
ORD00097,2024-03-15,CUST5000,Customer_272,Delta,Tanta,Electronics,Headphones,1,650,585.0,0.1,113.32,Card
ORD00098,2024-11-13,CUST4945,Customer_255,Alexandria,Montaza,Fashion,Shoes,2,211,337.6,0.2,107.26,Online
ORD00099,2024-08-26,CUST5712,Customer_347,Giza,6th October,Sports,Dumbbells,4,572,2288.0,0.0,742.98,Online
ORD00100,2024-08-21,CUST5949,Customer_102,Giza,6th October,Sports,Dumbbells,5,662,2813.5,0.15,766.9,Card
ORD00101,2024-12-24,CUST5837,Customer_12,Upper Egypt,Assiut,Fashion,Watch,5,785,3140.0,0.2,546.26,Online
ORD00102,2025-04-07,CUST5689,Customer_398,Upper Egypt,Sohag,Electronics,Phone,5,1576,6698.0,0.15,2064.39,Cash
ORD00103,2025-04-07,CUST1645,Customer_159,Alexandria,Gleem,Fashion,Shoes,5,563,2674.25,0.05,687.45,Card
ORD00104,2024-07-31,CUST3877,Customer_103,Cairo,Maadi,Home,Microwave,1,1912,1720.8,0.1,312.63,Cash
ORD00105,2024-05-31,CUST6549,Customer_412,Alexandria,Gleem,Home,Microwave,3,1921,4898.55,0.15,1674.55,Cash
ORD00106,2025-02-08,CUST7464,Customer_8,Upper Egypt,Assiut,Fashion,Shoes,4,1782,5702.4,0.2,1091.69,Card
ORD00107,2025-04-26,CUST7086,Customer_56,Alexandria,Smouha,Sports,Dumbbells,3,1247,3179.85,0.15,971.78,Online
ORD00108,2024-08-25,CUST5951,Customer_333,Giza,Dokki,Electronics,Headphones,5,503,2515.0,0.0,651.01,Card
ORD00109,2025-03-30,CUST9807,Customer_70,Cairo,Nasr City,Electronics,Phone,3,1058,3174.0,0.0,394.52,Card
ORD00110,2024-11-11,CUST7686,Customer_481,Upper Egypt,Sohag,Sports,Treadmill,4,1391,5564.0,0.0,1716.07,Card
ORD00111,2024-02-20,CUST7018,Customer_279,Cairo,Maadi,Home,Microwave,4,960,3648.0,0.05,1144.97,Online
ORD00112,2024-04-18,CUST1349,Customer_26,Delta,Tanta,Sports,Dumbbells,2,300,510.0,0.15,62.69,Card
ORD00113,2025-03-21,CUST4817,Customer_169,Giza,6th October,Fashion,Shirt,5,474,1896.0,0.2,291.96,Cash
ORD00114,2024-02-26,CUST1422,Customer_68,Alexandria,Smouha,Home,Microwave,2,1156,2080.8,0.1,623.47,Cash
ORD00115,2024-08-03,CUST9619,Customer_59,Delta,Tanta,Home,Blender,2,593,1186.0,0.0,156.18,Online
ORD00116,2024-04-23,CUST1710,Customer_373,Cairo,Heliopolis,Sports,Dumbbells,5,1265,6325.0,0.0,1347.23,Online
ORD00117,2024-02-25,CUST9032,Customer_365,Alexandria,Gleem,Sports,Football,1,1030,875.5,0.15,180.85,Card
ORD00118,2024-10-26,CUST9984,Customer_365,Cairo,Nasr City,Home,Microwave,1,308,277.2,0.1,70.99,Card
ORD00119,2024-12-25,CUST2874,Customer_437,Upper Egypt,Luxor,Home,Chair,5,1289,5478.25,0.15,683.66,Online
ORD00120,2025-02-27,CUST8430,Customer_205,Alexandria,Montaza,Fashion,Watch,4,1868,7098.4,0.05,1444.19,Card
ORD00121,2024-08-30,CUST2099,Customer_47,Cairo,Heliopolis,Sports,Dumbbells,3,816,2325.6,0.05,631.88,Cash
ORD00122,2024-10-14,CUST6400,Customer_344,Cairo,Heliopolis,Electronics,Headphones,2,1189,2378.0,0.0,586.45,Cash
ORD00123,2024-10-22,CUST9313,Customer_109,Upper Egypt,Sohag,Sports,Football,3,1279,3453.3,0.1,648.91,Cash
ORD00124,2024-10-20,CUST4705,Customer_414,Upper Egypt,Assiut,Electronics,Headphones,5,802,4010.0,0.0,1165.51,Card
ORD00125,2024-06-07,CUST6567,Customer_180,Alexandria,Montaza,Electronics,Headphones,1,419,377.1,0.1,103.96,Cash
ORD00126,2024-09-28,CUST4524,Customer_193,Giza,6th October,Sports,Football,2,1567,3134.0,0.0,385.29,Card
ORD00127,2024-10-17,CUST2391,Customer_453,Upper Egypt,Sohag,Fashion,Jacket,3,1527,4122.9,0.1,1212.99,Cash
ORD00128,2024-08-14,CUST7785,Customer_140,Giza,6th October,Electronics,Phone,3,957,2440.35,0.15,540.33,Cash
ORD00129,2024-12-07,CUST6053,Customer_24,Alexandria,Smouha,Home,Chair,1,630,504.0,0.2,111.72,Cash
ORD00130,2025-01-26,CUST5186,Customer_149,Upper Egypt,Luxor,Electronics,Phone,2,667,1267.3,0.05,369.85,Card
ORD00131,2024-04-27,CUST9196,Customer_287,Cairo,Nasr City,Sports,Bike,2,314,533.8,0.15,124.45,Online
ORD00132,2025-03-17,CUST6129,Customer_295,Delta,Tanta,Sports,Football,4,88,299.2,0.15,98.82,Card
ORD00133,2024-03-28,CUST8538,Customer_426,Alexandria,Gleem,Sports,Dumbbells,1,879,879.0,0.0,300.22,Online
ORD00134,2024-02-10,CUST7484,Customer_446,Delta,Tanta,Sports,Football,2,942,1507.2,0.2,301.61,Card
ORD00135,2024-04-09,CUST6724,Customer_180,Delta,Tanta,Home,Microwave,1,1095,1095.0,0.0,254.75,Online
ORD00136,2025-01-24,CUST2234,Customer_91,Giza,6th October,Electronics,Laptop,3,454,1293.9,0.05,324.25,Online
ORD00137,2024-08-14,CUST5961,Customer_408,Upper Egypt,Sohag,Sports,Dumbbells,3,359,915.45,0.15,107.17,Card
ORD00138,2024-07-07,CUST5703,Customer_40,Alexandria,Smouha,Home,Blender,3,995,2537.25,0.15,277.58,Online
ORD00139,2025-02-18,CUST4084,Customer_165,Cairo,Maadi,Sports,Bike,5,1185,5925.0,0.0,1258.67,Online
ORD00140,2024-02-13,CUST9266,Customer_331,Upper Egypt,Luxor,Fashion,Shirt,4,261,939.6,0.1,324.72,Cash
ORD00141,2024-07-09,CUST5634,Customer_199,Cairo,Nasr City,Sports,Bike,5,1120,4480.0,0.2,625.8,Card
ORD00142,2024-07-16,CUST5655,Customer_130,Delta,Zagazig,Electronics,Headphones,1,725,725.0,0.0,173.63,Online
ORD00143,2024-06-07,CUST7421,Customer_67,Alexandria,Smouha,Home,Blender,5,1409,6692.75,0.05,2203.16,Online
ORD00144,2024-12-09,CUST7937,Customer_261,Cairo,Heliopolis,Sports,Dumbbells,2,1422,2275.2,0.2,280.68,Card
ORD00145,2024-03-11,CUST3538,Customer_40,Cairo,Heliopolis,Home,Microwave,2,749,1273.3,0.15,188.45,Card
ORD00146,2024-03-24,CUST3962,Customer_426,Cairo,Maadi,Electronics,Headphones,5,318,1272.0,0.2,247.0,Online
ORD00147,2024-11-08,CUST5668,Customer_386,Alexandria,Smouha,Sports,Football,4,796,3024.8,0.05,1035.68,Online
ORD00148,2025-04-29,CUST8218,Customer_237,Upper Egypt,Assiut,Fashion,Jacket,4,1901,7223.8,0.05,1386.68,Card
ORD00149,2024-05-08,CUST1854,Customer_329,Upper Egypt,Luxor,Sports,Treadmill,2,1690,2704.0,0.2,363.96,Card
ORD00150,2025-04-08,CUST9410,Customer_76,Delta,Zagazig,Electronics,Phone,3,221,629.85,0.05,105.94,Card
ORD00151,2024-07-10,CUST4862,Customer_198,Cairo,Nasr City,Sports,Dumbbells,1,899,899.0,0.0,179.0,Cash
ORD00152,2024-03-11,CUST1627,Customer_147,Delta,Tanta,Electronics,Headphones,1,1768,1591.2,0.1,473.93,Card
ORD00153,2024-04-20,CUST3449,Customer_281,Giza,Sheikh Zayed,Sports,Bike,5,60,300.0,0.0,31.43,Online
ORD00154,2024-05-02,CUST7878,Customer_328,Alexandria,Montaza,Sports,Football,3,536,1447.2,0.1,188.8,Online
ORD00155,2024-10-21,CUST4963,Customer_368,Upper Egypt,Assiut,Electronics,Tablet,5,1147,5735.0,0.0,1479.57,Cash
ORD00156,2024-12-08,CUST2402,Customer_269,Delta,Mansoura,Electronics,Headphones,2,1218,2070.6,0.15,304.02,Card
ORD00157,2024-05-09,CUST1266,Customer_183,Cairo,Maadi,Electronics,Tablet,4,139,472.6,0.15,163.17,Cash
ORD00158,2025-02-20,CUST3868,Customer_426,Delta,Tanta,Electronics,Headphones,2,140,252.0,0.1,59.6,Online
ORD00159,2024-04-13,CUST1717,Customer_406,Upper Egypt,Luxor,Sports,Treadmill,2,179,304.3,0.15,33.24,Cash
ORD00160,2024-11-27,CUST4131,Customer_147,Cairo,Heliopolis,Home,Chair,5,1019,4585.5,0.1,500.53,Card
ORD00161,2024-07-23,CUST8204,Customer_459,Cairo,Maadi,Home,Vacuum,1,1687,1518.3,0.1,317.69,Card
ORD00162,2024-02-12,CUST7955,Customer_41,Delta,Tanta,Sports,Bike,3,1942,4660.8,0.2,776.86,Card
ORD00163,2024-06-05,CUST8305,Customer_309,Alexandria,Smouha,Home,Vacuum,1,213,191.7,0.1,50.84,Online
ORD00164,2024-08-10,CUST5498,Customer_328,Upper Egypt,Assiut,Sports,Dumbbells,4,136,489.6,0.1,124.22,Cash
ORD00165,2024-03-14,CUST8179,Customer_18,Cairo,Maadi,Sports,Dumbbells,5,1690,8027.5,0.05,2714.88,Cash
ORD00166,2024-03-19,CUST8371,Customer_486,Cairo,Nasr City,Home,Vacuum,4,1994,6380.8,0.2,689.74,Card
ORD00167,2024-05-22,CUST5089,Customer_492,Delta,Mansoura,Electronics,Laptop,5,801,3404.25,0.15,607.99,Cash
ORD00168,2025-01-31,CUST5264,Customer_361,Cairo,Maadi,Fashion,Watch,5,842,3368.0,0.2,435.95,Card
ORD00169,2024-08-19,CUST3828,Customer_461,Giza,Sheikh Zayed,Home,Chair,2,301,571.9,0.05,179.12,Online
ORD00170,2024-06-02,CUST3580,Customer_365,Upper Egypt,Assiut,Home,Vacuum,1,1176,940.8,0.2,162.37,Online
ORD00171,2024-09-09,CUST1430,Customer_185,Giza,Dokki,Fashion,Shirt,2,1672,3176.8,0.05,505.7,Online
ORD00172,2024-07-22,CUST8842,Customer_270,Alexandria,Gleem,Sports,Treadmill,5,1860,9300.0,0.0,1082.86,Card
ORD00173,2024-12-14,CUST9476,Customer_177,Upper Egypt,Luxor,Electronics,Laptop,3,1365,4095.0,0.0,870.16,Cash
ORD00174,2024-09-22,CUST3507,Customer_156,Alexandria,Montaza,Fashion,Shoes,4,1079,4316.0,0.0,1328.67,Cash
ORD00175,2024-05-08,CUST4216,Customer_326,Giza,Dokki,Fashion,Jacket,5,1882,8469.0,0.1,2637.95,Online
ORD00176,2024-10-24,CUST3526,Customer_88,Delta,Tanta,Home,Blender,5,1362,6469.5,0.05,1604.13,Online
ORD00177,2025-01-29,CUST5336,Customer_334,Alexandria,Montaza,Home,Blender,1,216,216.0,0.0,72.82,Cash
ORD00178,2025-02-16,CUST7653,Customer_153,Alexandria,Gleem,Electronics,Tablet,5,643,2893.5,0.1,638.7,Card
ORD00179,2024-06-23,CUST3353,Customer_161,Cairo,Maadi,Electronics,Laptop,4,901,3063.4,0.15,662.03,Online
ORD00180,2024-02-24,CUST6228,Customer_124,Delta,Zagazig,Home,Chair,2,1607,2892.6,0.1,661.67,Card
ORD00181,2024-07-15,CUST7850,Customer_128,Cairo,Heliopolis,Sports,Treadmill,2,248,496.0,0.0,85.59,Cash
ORD00182,2025-03-26,CUST6055,Customer_255,Delta,Zagazig,Home,Microwave,2,1070,1712.0,0.2,371.0,Cash
ORD00183,2024-05-24,CUST9108,Customer_306,Cairo,Heliopolis,Sports,Treadmill,2,1244,2239.2,0.1,251.16,Online
ORD00184,2025-01-26,CUST7606,Customer_188,Upper Egypt,Sohag,Electronics,Phone,4,324,1166.4,0.1,328.78,Cash
ORD00185,2024-08-18,CUST5582,Customer_423,Upper Egypt,Assiut,Fashion,Jacket,5,641,3205.0,0.0,630.06,Online
ORD00186,2024-07-06,CUST3363,Customer_102,Alexandria,Smouha,Fashion,Shirt,4,814,2930.4,0.1,701.71,Online
ORD00187,2024-09-22,CUST8487,Customer_77,Alexandria,Gleem,Electronics,Phone,1,330,297.0,0.1,89.39,Online
ORD00188,2024-06-02,CUST6511,Customer_260,Alexandria,Smouha,Home,Vacuum,2,854,1366.4,0.2,389.19,Online
ORD00189,2024-08-01,CUST6040,Customer_408,Alexandria,Gleem,Home,Chair,1,804,723.6,0.1,194.25,Online
ORD00190,2024-10-25,CUST8871,Customer_88,Cairo,Maadi,Sports,Dumbbells,5,1232,5852.0,0.05,1640.61,Online
ORD00191,2024-08-13,CUST6139,Customer_215,Alexandria,Gleem,Fashion,Shoes,1,1222,1222.0,0.0,180.48,Cash
ORD00192,2025-03-22,CUST2020,Customer_362,Upper Egypt,Luxor,Fashion,Watch,5,1637,6548.0,0.2,2161.69,Cash
ORD00193,2024-08-23,CUST9734,Customer_176,Alexandria,Smouha,Home,Chair,5,821,3694.5,0.1,1253.07,Online
ORD00194,2024-04-25,CUST5876,Customer_395,Delta,Zagazig,Home,Chair,2,554,997.2,0.1,238.85,Card
ORD00195,2025-02-11,CUST5480,Customer_148,Giza,Sheikh Zayed,Sports,Dumbbells,4,764,2444.8,0.2,815.16,Cash
ORD00196,2024-05-27,CUST2294,Customer_178,Alexandria,Montaza,Sports,Bike,3,1633,4654.05,0.05,803.35,Card
ORD00197,2024-10-14,CUST5450,Customer_71,Delta,Zagazig,Sports,Treadmill,2,1745,2792.0,0.2,468.45,Cash
ORD00198,2024-04-29,CUST1860,Customer_52,Alexandria,Montaza,Fashion,Shoes,1,1421,1136.8,0.2,177.82,Card
ORD00199,2024-03-21,CUST7666,Customer_335,Delta,Zagazig,Sports,Football,2,60,96.0,0.2,33.07,Card
ORD00200,2024-02-15,CUST4804,Customer_274,Upper Egypt,Luxor,Fashion,Jacket,3,634,1902.0,0.0,621.92,Online
ORD00201,2024-04-05,CUST5742,Customer_449,Cairo,Nasr City,Sports,Treadmill,1,1762,1497.7,0.15,444.8,Cash
ORD00202,2025-03-31,CUST3198,Customer_436,Cairo,Heliopolis,Electronics,Headphones,3,980,2352.0,0.2,543.5,Online
ORD00203,2025-01-02,CUST4050,Customer_8,Upper Egypt,Sohag,Fashion,Shirt,3,382,974.1,0.15,255.28,Online
ORD00204,2024-09-20,CUST6372,Customer_45,Delta,Mansoura,Fashion,Shoes,5,1803,7662.75,0.15,2350.53,Card
ORD00205,2024-07-15,CUST4858,Customer_229,Cairo,Nasr City,Fashion,Watch,3,1966,5603.1,0.05,569.88,Card
ORD00206,2024-03-01,CUST8625,Customer_158,Delta,Mansoura,Electronics,Headphones,3,1468,4183.8,0.05,483.36,Cash
ORD00207,2025-05-05,CUST3188,Customer_245,Upper Egypt,Luxor,Home,Blender,3,802,1924.8,0.2,298.75,Cash
ORD00208,2025-02-14,CUST4578,Customer_391,Upper Egypt,Luxor,Home,Chair,5,1919,8155.75,0.15,2359.77,Cash
ORD00209,2025-02-28,CUST9972,Customer_463,Alexandria,Smouha,Sports,Dumbbells,1,1928,1542.4,0.2,197.51,Online
ORD00210,2024-12-14,CUST4365,Customer_368,Giza,Sheikh Zayed,Fashion,Shoes,3,1799,4317.6,0.2,908.68,Online
ORD00211,2024-10-15,CUST1945,Customer_287,Upper Egypt,Assiut,Sports,Football,4,320,1024.0,0.2,208.75,Card
ORD00212,2024-10-23,CUST2196,Customer_24,Delta,Zagazig,Electronics,Tablet,3,1722,5166.0,0.0,1479.81,Card
ORD00213,2024-07-28,CUST3948,Customer_394,Delta,Zagazig,Electronics,Phone,1,1962,1667.7,0.15,180.0,Cash
ORD00214,2024-12-04,CUST9835,Customer_69,Upper Egypt,Sohag,Sports,Bike,4,819,3276.0,0.0,886.76,Online
ORD00215,2025-01-22,CUST1372,Customer_153,Delta,Tanta,Fashion,Watch,5,310,1472.5,0.05,454.57,Card
ORD00216,2024-04-06,CUST2848,Customer_17,Alexandria,Gleem,Sports,Treadmill,2,993,1787.4,0.1,248.06,Online
ORD00217,2024-08-16,CUST1797,Customer_126,Upper Egypt,Luxor,Electronics,Laptop,2,187,374.0,0.0,92.93,Online
ORD00218,2024-05-28,CUST4836,Customer_418,Cairo,Heliopolis,Sports,Treadmill,5,494,2470.0,0.0,333.53,Online
ORD00219,2024-09-23,CUST4621,Customer_212,Alexandria,Gleem,Home,Microwave,3,1844,5255.4,0.05,1820.6,Card
ORD00220,2025-04-27,CUST7244,Customer_403,Delta,Tanta,Fashion,Watch,5,1065,5325.0,0.0,1826.86,Online
ORD00221,2024-10-02,CUST8758,Customer_124,Delta,Zagazig,Sports,Bike,2,664,1128.8,0.15,164.77,Cash
ORD00222,2024-10-12,CUST9683,Customer_69,Delta,Zagazig,Fashion,Watch,1,1201,1020.85,0.15,349.08,Card
ORD00223,2024-02-17,CUST9775,Customer_371,Giza,Dokki,Fashion,Jacket,1,1938,1647.3,0.15,513.6,Cash
ORD00224,2024-10-13,CUST4555,Customer_246,Cairo,Heliopolis,Sports,Football,1,435,348.0,0.2,97.81,Cash
ORD00225,2025-01-21,CUST8846,Customer_469,Delta,Mansoura,Electronics,Laptop,2,1568,3136.0,0.0,899.15,Cash
ORD00226,2024-07-13,CUST8639,Customer_274,Alexandria,Montaza,Fashion,Watch,2,1180,2124.0,0.1,624.2,Online
ORD00227,2025-02-15,CUST8692,Customer_390,Delta,Mansoura,Home,Vacuum,5,1857,7892.25,0.15,1708.68,Card
ORD00228,2024-01-09,CUST5272,Customer_284,Giza,Dokki,Home,Chair,1,1202,1141.9,0.05,325.8,Online
ORD00229,2024-10-18,CUST5026,Customer_256,Alexandria,Montaza,Sports,Dumbbells,2,451,811.8,0.1,127.86,Online
ORD00230,2025-01-03,CUST9954,Customer_251,Delta,Mansoura,Sports,Bike,4,394,1418.4,0.1,201.86,Cash
ORD00231,2024-07-30,CUST3252,Customer_432,Alexandria,Montaza,Electronics,Phone,1,1985,1985.0,0.0,577.8,Online
ORD00232,2024-11-12,CUST8916,Customer_338,Giza,6th October,Fashion,Shirt,2,1085,1844.5,0.15,356.54,Card
ORD00233,2024-05-26,CUST1280,Customer_258,Cairo,Nasr City,Sports,Football,1,1134,1020.6,0.1,238.75,Online
ORD00234,2024-09-26,CUST5135,Customer_418,Upper Egypt,Assiut,Electronics,Phone,5,354,1681.5,0.05,248.83,Card
ORD00235,2024-12-22,CUST4700,Customer_154,Delta,Mansoura,Electronics,Headphones,4,990,3168.0,0.2,509.42,Online
ORD00236,2024-01-29,CUST1154,Customer_360,Cairo,Maadi,Electronics,Phone,4,826,2808.4,0.15,668.89,Cash
ORD00237,2025-04-15,CUST1697,Customer_118,Cairo,Heliopolis,Sports,Dumbbells,5,1807,9035.0,0.0,2924.61,Cash
ORD00238,2024-10-15,CUST1539,Customer_92,Alexandria,Gleem,Home,Blender,1,1451,1305.9,0.1,424.19,Card
ORD00239,2024-10-17,CUST7375,Customer_347,Cairo,Nasr City,Fashion,Watch,1,662,628.9,0.05,151.56,Online
ORD00240,2024-08-11,CUST4803,Customer_430,Delta,Mansoura,Fashion,Shirt,5,1576,7092.0,0.1,804.4,Cash
ORD00241,2024-08-18,CUST9038,Customer_117,Delta,Zagazig,Sports,Dumbbells,1,1348,1213.2,0.1,358.97,Card
ORD00242,2024-11-12,CUST5839,Customer_409,Alexandria,Gleem,Sports,Treadmill,5,1403,5962.75,0.15,724.02,Cash
ORD00243,2024-06-11,CUST6909,Customer_55,Cairo,Nasr City,Home,Microwave,4,1507,5726.6,0.05,1631.59,Cash
ORD00244,2024-08-08,CUST8353,Customer_286,Cairo,Heliopolis,Sports,Dumbbells,3,259,738.15,0.05,89.92,Online
ORD00245,2024-11-02,CUST6315,Customer_443,Alexandria,Gleem,Electronics,Phone,1,774,619.2,0.2,76.33,Card
ORD00246,2025-05-15,CUST4977,Customer_293,Cairo,Heliopolis,Sports,Bike,1,1534,1227.2,0.2,400.44,Online
ORD00247,2024-03-15,CUST2036,Customer_86,Giza,Sheikh Zayed,Sports,Treadmill,2,600,1080.0,0.1,180.47,Card
ORD00248,2025-01-04,CUST9123,Customer_305,Delta,Mansoura,Home,Chair,1,789,710.1,0.1,238.63,Online
ORD00249,2024-11-13,CUST7224,Customer_412,Giza,Dokki,Electronics,Laptop,3,63,160.65,0.15,29.41,Card
ORD00250,2024-04-12,CUST8848,Customer_161,Upper Egypt,Sohag,Sports,Treadmill,3,706,1694.4,0.2,570.71,Cash
ORD00251,2024-05-23,CUST7437,Customer_187,Upper Egypt,Sohag,Home,Chair,5,1651,7842.25,0.05,1423.15,Cash
ORD00252,2024-05-29,CUST2133,Customer_420,Alexandria,Smouha,Fashion,Shirt,4,1981,7527.8,0.05,1577.93,Card
ORD00253,2025-02-08,CUST7176,Customer_38,Upper Egypt,Assiut,Home,Microwave,3,1398,3984.3,0.05,1110.86,Card
ORD00254,2025-02-19,CUST9796,Customer_305,Alexandria,Gleem,Sports,Bike,5,125,562.5,0.1,154.92,Online
ORD00255,2024-11-26,CUST7547,Customer_496,Cairo,Nasr City,Fashion,Jacket,2,1375,2200.0,0.2,244.36,Card
ORD00256,2024-10-12,CUST4621,Customer_229,Upper Egypt,Assiut,Electronics,Phone,3,504,1209.6,0.2,346.81,Card
ORD00257,2025-04-16,CUST2406,Customer_60,Upper Egypt,Sohag,Fashion,Jacket,1,1038,1038.0,0.0,180.46,Online
ORD00258,2024-06-27,CUST8801,Customer_50,Giza,Dokki,Home,Vacuum,4,1656,6292.8,0.05,1449.1,Card
ORD00259,2024-06-24,CUST2791,Customer_347,Upper Egypt,Sohag,Electronics,Headphones,1,1709,1709.0,0.0,180.55,Cash
ORD00260,2024-04-28,CUST7636,Customer_323,Giza,Sheikh Zayed,Fashion,Shoes,3,1196,3049.8,0.15,1035.76,Cash
ORD00261,2024-08-18,CUST8037,Customer_200,Giza,Sheikh Zayed,Sports,Bike,1,1560,1248.0,0.2,400.33,Cash
ORD00262,2024-06-15,CUST4228,Customer_235,Giza,6th October,Home,Blender,5,258,1032.0,0.2,151.44,Cash
ORD00263,2024-02-28,CUST6700,Customer_181,Delta,Zagazig,Sports,Dumbbells,5,845,3380.0,0.2,669.7,Card
ORD00264,2024-02-29,CUST3999,Customer_192,Alexandria,Smouha,Home,Blender,2,691,1382.0,0.0,220.63,Online
ORD00265,2024-04-05,CUST8973,Customer_326,Giza,Sheikh Zayed,Sports,Bike,5,332,1328.0,0.2,260.19,Online
ORD00266,2024-08-18,CUST1878,Customer_444,Giza,Sheikh Zayed,Fashion,Watch,3,337,960.45,0.05,171.58,Card
ORD00267,2024-07-28,CUST9056,Customer_213,Cairo,Heliopolis,Fashion,Shoes,4,1200,3840.0,0.2,1010.95,Online
ORD00268,2024-05-20,CUST4683,Customer_276,Upper Egypt,Sohag,Fashion,Shirt,5,113,536.75,0.05,92.87,Card
ORD00269,2025-02-25,CUST7010,Customer_278,Giza,Dokki,Sports,Football,5,283,1273.5,0.1,374.13,Cash
ORD00270,2024-01-17,CUST8368,Customer_135,Upper Egypt,Luxor,Fashion,Watch,1,1557,1479.15,0.05,258.0,Card
ORD00271,2025-03-16,CUST8015,Customer_85,Cairo,Heliopolis,Electronics,Laptop,2,1710,2736.0,0.2,744.97,Online
ORD00272,2024-10-02,CUST3758,Customer_166,Giza,6th October,Fashion,Shirt,5,768,3072.0,0.2,523.07,Online
ORD00273,2024-05-21,CUST3078,Customer_360,Delta,Mansoura,Home,Blender,2,1586,2696.2,0.15,888.92,Cash
ORD00274,2024-05-17,CUST7786,Customer_193,Giza,6th October,Home,Microwave,4,1052,3997.6,0.05,976.84,Card
ORD00275,2025-03-25,CUST7046,Customer_233,Cairo,Maadi,Electronics,Tablet,5,1585,7132.5,0.1,1951.99,Card
ORD00276,2025-02-11,CUST9756,Customer_204,Delta,Zagazig,Electronics,Phone,4,1350,4860.0,0.1,1518.88,Cash
ORD00277,2024-10-22,CUST3139,Customer_290,Upper Egypt,Assiut,Sports,Dumbbells,3,1746,4714.2,0.1,869.48,Card
ORD00278,2025-04-20,CUST3588,Customer_226,Delta,Zagazig,Electronics,Phone,1,1332,1132.2,0.15,117.83,Card
ORD00279,2024-07-03,CUST5102,Customer_43,Cairo,Heliopolis,Fashion,Shoes,3,375,1012.5,0.1,124.88,Card
ORD00280,2024-01-01,CUST4496,Customer_245,Giza,6th October,Sports,Dumbbells,2,929,1858.0,0.0,512.67,Cash
ORD00281,2025-03-16,CUST7919,Customer_356,Giza,Sheikh Zayed,Fashion,Watch,1,66,59.4,0.1,18.07,Cash
ORD00282,2024-07-07,CUST5902,Customer_71,Upper Egypt,Assiut,Fashion,Watch,1,1546,1546.0,0.0,194.49,Card
ORD00283,2024-03-25,CUST8210,Customer_180,Giza,Sheikh Zayed,Fashion,Shirt,5,1203,6015.0,0.0,1519.27,Online
ORD00284,2024-02-14,CUST2646,Customer_72,Giza,Sheikh Zayed,Fashion,Watch,5,1456,6188.0,0.15,1949.16,Cash
ORD00285,2024-11-26,CUST2380,Customer_128,Alexandria,Montaza,Sports,Dumbbells,4,694,2637.2,0.05,427.09,Online
ORD00286,2024-04-06,CUST7418,Customer_152,Alexandria,Montaza,Home,Blender,3,470,1128.0,0.2,283.95,Online
ORD00287,2024-02-06,CUST9655,Customer_456,Cairo,Nasr City,Sports,Bike,1,543,461.55,0.15,119.78,Cash
ORD00288,2024-03-29,CUST8717,Customer_489,Delta,Mansoura,Fashion,Watch,5,911,4099.5,0.1,969.9,Cash
ORD00289,2025-04-30,CUST7520,Customer_260,Cairo,Maadi,Electronics,Phone,3,491,1473.0,0.0,487.04,Card
ORD00290,2024-03-19,CUST5546,Customer_43,Alexandria,Gleem,Sports,Bike,1,1361,1088.8,0.2,255.23,Card
ORD00291,2025-01-25,CUST2083,Customer_159,Cairo,Maadi,Fashion,Shoes,5,719,3055.75,0.15,753.58,Online
ORD00292,2024-11-09,CUST1901,Customer_159,Upper Egypt,Luxor,Fashion,Shirt,2,226,384.2,0.15,49.56,Online
ORD00293,2024-09-24,CUST9474,Customer_401,Giza,6th October,Electronics,Laptop,1,385,327.25,0.15,110.69,Online
ORD00294,2024-01-16,CUST6488,Customer_414,Delta,Tanta,Home,Microwave,3,1551,4653.0,0.0,1362.67,Card
ORD00295,2024-09-18,CUST6900,Customer_29,Delta,Zagazig,Electronics,Headphones,5,1335,6675.0,0.0,1495.45,Card
ORD00296,2024-12-11,CUST2889,Customer_117,Alexandria,Smouha,Home,Microwave,3,1633,4899.0,0.0,1585.16,Online
ORD00297,2025-04-16,CUST3458,Customer_92,Alexandria,Smouha,Electronics,Phone,2,144,244.8,0.15,46.76,Cash
ORD00298,2024-06-12,CUST5444,Customer_423,Alexandria,Montaza,Sports,Treadmill,3,558,1422.9,0.15,468.08,Cash
ORD00299,2025-05-03,CUST7568,Customer_36,Alexandria,Gleem,Electronics,Phone,2,507,811.2,0.2,280.15,Card
ORD00300,2024-05-29,CUST5979,Customer_379,Delta,Mansoura,Home,Blender,5,985,4925.0,0.0,946.73,Online
ORD00301,2024-05-05,CUST3466,Customer_4,Giza,Dokki,Home,Chair,2,1550,2480.0,0.2,719.5,Card
ORD00302,2025-01-07,CUST6038,Customer_54,Cairo,Nasr City,Home,Blender,3,52,132.6,0.15,41.4,Cash
ORD00303,2025-04-16,CUST4792,Customer_460,Alexandria,Smouha,Sports,Bike,1,341,306.9,0.1,37.83,Online
ORD00304,2024-11-22,CUST7461,Customer_39,Upper Egypt,Luxor,Home,Chair,1,1239,1239.0,0.0,280.46,Online
ORD00305,2025-04-19,CUST7438,Customer_359,Alexandria,Smouha,Sports,Treadmill,2,647,1164.6,0.1,364.2,Online
ORD00306,2025-01-29,CUST2785,Customer_80,Delta,Mansoura,Sports,Dumbbells,2,202,383.8,0.05,51.44,Cash
ORD00307,2025-01-29,CUST4401,Customer_232,Giza,Dokki,Sports,Dumbbells,4,297,950.4,0.2,180.17,Card
ORD00308,2024-12-22,CUST1660,Customer_111,Upper Egypt,Sohag,Electronics,Phone,2,1703,3065.4,0.1,939.84,Card
ORD00309,2024-05-13,CUST3848,Customer_16,Giza,6th October,Fashion,Jacket,4,1101,4404.0,0.0,1185.98,Card
ORD00310,2024-02-01,CUST4641,Customer_67,Upper Egypt,Luxor,Fashion,Shirt,4,258,980.4,0.05,127.81,Cash
ORD00311,2024-11-26,CUST8265,Customer_415,Upper Egypt,Sohag,Electronics,Headphones,1,94,94.0,0.0,14.05,Cash
ORD00312,2024-08-09,CUST7471,Customer_255,Cairo,Heliopolis,Electronics,Phone,4,153,581.4,0.05,192.46,Cash
ORD00313,2024-08-16,CUST3435,Customer_18,Upper Egypt,Luxor,Sports,Treadmill,3,489,1393.65,0.05,235.17,Online
ORD00314,2024-02-14,CUST5583,Customer_197,Alexandria,Montaza,Fashion,Jacket,4,893,2857.6,0.2,627.98,Cash
ORD00315,2025-02-04,CUST8940,Customer_177,Upper Egypt,Assiut,Fashion,Shirt,4,1651,5943.6,0.1,1307.12,Online
ORD00316,2024-01-16,CUST5602,Customer_30,Alexandria,Gleem,Sports,Dumbbells,2,103,185.4,0.1,46.22,Card
ORD00317,2025-02-21,CUST1916,Customer_392,Alexandria,Gleem,Fashion,Shoes,1,557,529.15,0.05,88.17,Cash
ORD00318,2025-01-12,CUST6878,Customer_468,Alexandria,Gleem,Home,Microwave,2,534,854.4,0.2,153.37,Online
ORD00319,2025-02-18,CUST9064,Customer_278,Cairo,Maadi,Home,Microwave,5,1992,9462.0,0.05,2925.41,Card
ORD00320,2024-09-26,CUST8831,Customer_1,Giza,Dokki,Electronics,Phone,1,526,420.8,0.2,65.1,Card
ORD00321,2024-03-16,CUST3320,Customer_397,Alexandria,Smouha,Fashion,Jacket,2,1931,3475.8,0.1,399.33,Cash
ORD00322,2024-06-14,CUST3235,Customer_500,Alexandria,Gleem,Electronics,Headphones,4,1250,5000.0,0.0,920.7,Cash
ORD00323,2025-04-20,CUST6846,Customer_115,Upper Egypt,Luxor,Sports,Dumbbells,2,1498,2396.8,0.2,655.26,Online
ORD00324,2025-04-30,CUST7415,Customer_436,Alexandria,Smouha,Sports,Dumbbells,3,310,883.5,0.05,249.33,Online
ORD00325,2025-01-16,CUST2274,Customer_122,Cairo,Nasr City,Home,Microwave,5,263,1117.75,0.15,151.08,Card
ORD00326,2024-12-20,CUST2110,Customer_180,Delta,Tanta,Electronics,Headphones,4,73,262.8,0.1,40.06,Card
ORD00327,2025-03-28,CUST7783,Customer_253,Cairo,Maadi,Electronics,Phone,4,947,3219.8,0.15,1102.06,Card
ORD00328,2024-12-17,CUST4695,Customer_84,Delta,Zagazig,Sports,Football,4,1665,5328.0,0.2,1399.89,Card
ORD00329,2024-03-28,CUST7151,Customer_83,Cairo,Nasr City,Home,Blender,3,584,1752.0,0.0,207.7,Online
ORD00330,2024-08-08,CUST3703,Customer_311,Cairo,Maadi,Electronics,Headphones,5,1306,5550.5,0.15,1532.64,Card
ORD00331,2025-01-04,CUST9849,Customer_136,Giza,6th October,Electronics,Headphones,2,439,746.3,0.15,204.71,Online
ORD00332,2024-09-08,CUST3516,Customer_28,Delta,Mansoura,Fashion,Shirt,1,854,683.2,0.2,162.2,Card
ORD00333,2024-04-15,CUST3798,Customer_327,Cairo,Heliopolis,Electronics,Headphones,5,1033,4906.75,0.05,609.65,Card
ORD00334,2024-05-15,CUST2493,Customer_329,Cairo,Heliopolis,Electronics,Headphones,4,1014,3447.6,0.15,1116.05,Online
ORD00335,2024-08-13,CUST8619,Customer_135,Upper Egypt,Assiut,Home,Chair,3,432,1101.6,0.15,122.45,Cash
ORD00336,2024-07-30,CUST4727,Customer_284,Delta,Zagazig,Electronics,Laptop,1,225,202.5,0.1,61.16,Cash
ORD00337,2024-02-10,CUST7468,Customer_463,Upper Egypt,Luxor,Sports,Bike,5,1855,8811.25,0.05,1930.24,Online
ORD00338,2025-02-17,CUST4157,Customer_65,Cairo,Maadi,Fashion,Shirt,4,404,1535.2,0.05,526.64,Cash
ORD00339,2025-04-11,CUST2097,Customer_45,Upper Egypt,Assiut,Sports,Treadmill,2,1758,2812.8,0.2,462.63,Card
ORD00340,2024-11-15,CUST9561,Customer_401,Alexandria,Gleem,Home,Vacuum,5,988,4940.0,0.0,1465.39,Card
ORD00341,2025-04-26,CUST2641,Customer_474,Cairo,Heliopolis,Fashion,Shoes,5,1254,5016.0,0.2,1452.61,Cash
ORD00342,2024-10-19,CUST8750,Customer_20,Alexandria,Smouha,Home,Vacuum,4,590,2006.0,0.15,528.98,Cash
ORD00343,2024-01-26,CUST8785,Customer_472,Delta,Mansoura,Fashion,Watch,1,860,774.0,0.1,211.01,Card
ORD00344,2024-12-16,CUST2609,Customer_498,Delta,Tanta,Home,Vacuum,3,624,1591.2,0.15,500.53,Cash
ORD00345,2024-02-15,CUST4079,Customer_227,Giza,Dokki,Sports,Dumbbells,3,1542,3932.1,0.15,987.92,Cash
ORD00346,2024-12-29,CUST9303,Customer_207,Upper Egypt,Luxor,Sports,Dumbbells,1,1105,1049.75,0.05,122.2,Cash
ORD00347,2024-05-07,CUST1541,Customer_234,Alexandria,Montaza,Electronics,Laptop,2,1842,3499.8,0.05,1082.29,Cash
ORD00348,2024-11-21,CUST3029,Customer_349,Delta,Zagazig,Fashion,Jacket,3,1736,4426.8,0.15,1001.7,Cash
ORD00349,2024-06-28,CUST6640,Customer_84,Giza,Dokki,Sports,Bike,2,1832,3114.4,0.15,768.38,Card
ORD00350,2024-04-19,CUST4626,Customer_332,Cairo,Heliopolis,Electronics,Tablet,1,383,306.4,0.2,90.37,Cash
ORD00351,2024-11-03,CUST1138,Customer_115,Giza,Dokki,Sports,Football,1,1020,969.0,0.05,253.73,Card
ORD00352,2024-04-21,CUST8646,Customer_155,Alexandria,Gleem,Home,Chair,4,1794,6458.4,0.1,1386.94,Online
ORD00353,2024-10-31,CUST5631,Customer_153,Alexandria,Montaza,Sports,Football,1,1097,987.3,0.1,237.31,Online
ORD00354,2024-05-13,CUST5895,Customer_97,Cairo,Heliopolis,Electronics,Headphones,3,1361,3674.7,0.1,1158.9,Cash
ORD00355,2024-12-01,CUST9148,Customer_152,Alexandria,Smouha,Electronics,Tablet,3,1444,4115.4,0.05,1153.63,Card
ORD00356,2024-06-24,CUST4643,Customer_352,Upper Egypt,Sohag,Sports,Football,5,1500,6000.0,0.2,1824.02,Online
ORD00357,2024-02-19,CUST8713,Customer_66,Upper Egypt,Luxor,Home,Vacuum,2,1771,2833.6,0.2,411.68,Online
ORD00358,2025-03-22,CUST6031,Customer_216,Delta,Zagazig,Fashion,Jacket,1,505,454.5,0.1,70.83,Card
ORD00359,2024-10-25,CUST2166,Customer_242,Delta,Mansoura,Home,Chair,1,1013,1013.0,0.0,320.71,Cash
ORD00360,2024-04-12,CUST6614,Customer_210,Alexandria,Smouha,Sports,Dumbbells,4,160,608.0,0.05,81.68,Online
ORD00361,2024-03-31,CUST6134,Customer_325,Upper Egypt,Assiut,Home,Microwave,1,1048,943.2,0.1,243.12,Cash
ORD00362,2025-01-25,CUST2442,Customer_67,Cairo,Heliopolis,Home,Microwave,2,1230,2337.0,0.05,519.74,Online
ORD00363,2024-09-30,CUST4267,Customer_375,Upper Egypt,Luxor,Sports,Bike,4,1027,3491.8,0.15,353.26,Card
ORD00364,2025-03-25,CUST6641,Customer_160,Cairo,Heliopolis,Fashion,Shirt,1,1333,1266.35,0.05,198.27,Cash
ORD00365,2024-05-28,CUST8469,Customer_373,Cairo,Heliopolis,Home,Microwave,1,1737,1737.0,0.0,303.19,Online
ORD00366,2024-04-06,CUST3701,Customer_486,Alexandria,Montaza,Home,Chair,2,751,1276.7,0.15,242.33,Card
ORD00367,2024-03-27,CUST3017,Customer_188,Cairo,Nasr City,Fashion,Shoes,2,1553,3106.0,0.0,768.5,Online
ORD00368,2024-01-11,CUST1790,Customer_354,Cairo,Heliopolis,Home,Blender,5,148,740.0,0.0,194.91,Cash
ORD00369,2024-04-15,CUST1152,Customer_155,Upper Egypt,Sohag,Sports,Football,5,567,2409.75,0.15,663.81,Card
ORD00370,2024-11-12,CUST2928,Customer_145,Cairo,Maadi,Home,Microwave,4,1751,7004.0,0.0,1596.18,Cash
ORD00371,2024-07-02,CUST7713,Customer_152,Cairo,Heliopolis,Fashion,Shoes,3,1752,4204.8,0.2,1443.42,Cash
ORD00372,2024-12-09,CUST2458,Customer_465,Cairo,Maadi,Sports,Treadmill,4,727,2762.6,0.05,278.15,Cash
ORD00373,2025-01-05,CUST2659,Customer_464,Alexandria,Montaza,Sports,Treadmill,1,1646,1316.8,0.2,156.39,Card
ORD00374,2025-03-23,CUST1646,Customer_437,Giza,Dokki,Home,Vacuum,4,152,608.0,0.0,184.4,Card
ORD00375,2024-03-11,CUST3793,Customer_169,Delta,Zagazig,Home,Chair,1,244,244.0,0.0,24.99,Card
ORD00376,2024-07-24,CUST7557,Customer_493,Upper Egypt,Luxor,Home,Blender,3,1719,4641.3,0.1,676.32,Card
ORD00377,2024-01-31,CUST3611,Customer_54,Delta,Mansoura,Sports,Bike,2,281,533.9,0.05,146.31,Card
ORD00378,2025-03-17,CUST3140,Customer_248,Alexandria,Gleem,Sports,Treadmill,5,827,3721.5,0.1,940.94,Card
ORD00379,2025-03-20,CUST9598,Customer_393,Cairo,Heliopolis,Sports,Football,1,585,526.5,0.1,54.28,Online
ORD00380,2024-12-04,CUST5072,Customer_247,Alexandria,Montaza,Fashion,Jacket,5,1121,4484.0,0.2,555.17,Card
ORD00381,2025-03-21,CUST3709,Customer_39,Upper Egypt,Assiut,Electronics,Phone,2,1085,1844.5,0.15,577.27,Card
ORD00382,2024-07-12,CUST7607,Customer_419,Delta,Tanta,Home,Vacuum,1,1088,1033.6,0.05,245.61,Cash
ORD00383,2024-03-01,CUST9148,Customer_382,Cairo,Heliopolis,Sports,Bike,1,1804,1533.4,0.15,324.72,Online
ORD00384,2024-02-16,CUST5990,Customer_456,Cairo,Nasr City,Sports,Bike,1,1191,952.8,0.2,95.32,Online
ORD00385,2025-03-08,CUST8445,Customer_170,Alexandria,Smouha,Sports,Dumbbells,3,1740,5220.0,0.0,1587.65,Online
ORD00386,2024-04-23,CUST1035,Customer_175,Alexandria,Montaza,Sports,Dumbbells,4,283,1132.0,0.0,328.09,Card
ORD00387,2025-02-24,CUST7704,Customer_55,Delta,Zagazig,Home,Blender,1,1886,1791.7,0.05,399.74,Card
ORD00388,2024-04-07,CUST6536,Customer_56,Alexandria,Smouha,Fashion,Shirt,4,491,1669.4,0.15,511.07,Card
ORD00389,2024-03-09,CUST9172,Customer_3,Cairo,Maadi,Electronics,Tablet,4,1398,4473.6,0.2,1516.76,Online
ORD00390,2024-03-29,CUST3103,Customer_54,Cairo,Maadi,Sports,Bike,5,1649,7832.75,0.05,2137.98,Card
ORD00391,2025-05-08,CUST6617,Customer_497,Alexandria,Montaza,Home,Chair,4,1297,4928.6,0.05,829.97,Card
ORD00392,2024-12-25,CUST9975,Customer_441,Upper Egypt,Assiut,Fashion,Watch,5,1483,5932.0,0.2,1036.49,Card
ORD00393,2025-04-16,CUST3173,Customer_364,Alexandria,Montaza,Fashion,Shoes,2,1328,2390.4,0.1,649.36,Online
ORD00394,2025-04-27,CUST7839,Customer_346,Giza,Sheikh Zayed,Home,Blender,3,1201,3062.55,0.15,752.47,Online
ORD00395,2024-01-28,CUST1927,Customer_103,Alexandria,Gleem,Sports,Football,5,268,1340.0,0.0,261.59,Card
ORD00396,2024-10-04,CUST1529,Customer_184,Giza,Dokki,Home,Microwave,1,1464,1317.6,0.1,198.96,Card
ORD00397,2024-01-25,CUST7251,Customer_199,Cairo,Maadi,Fashion,Watch,2,1096,1972.8,0.1,539.04,Card
ORD00398,2025-03-16,CUST8259,Customer_425,Delta,Zagazig,Electronics,Phone,3,465,1116.0,0.2,354.01,Cash
ORD00399,2024-02-08,CUST4063,Customer_493,Delta,Zagazig,Fashion,Shoes,3,969,2761.65,0.05,955.15,Cash
ORD00400,2024-03-23,CUST5178,Customer_3,Alexandria,Smouha,Sports,Football,4,621,1987.2,0.2,329.99,Card
ORD00401,2025-01-31,CUST5934,Customer_252,Upper Egypt,Luxor,Fashion,Shirt,2,1951,3511.8,0.1,875.21,Online
ORD00402,2025-02-06,CUST9276,Customer_82,Alexandria,Gleem,Electronics,Headphones,5,500,2375.0,0.05,546.61,Card
ORD00403,2024-06-18,CUST6911,Customer_151,Alexandria,Montaza,Sports,Football,3,503,1433.55,0.05,381.09,Cash
ORD00404,2025-04-08,CUST4994,Customer_491,Alexandria,Montaza,Sports,Football,1,1419,1277.1,0.1,270.0,Cash
ORD00405,2024-09-21,CUST7143,Customer_264,Delta,Mansoura,Electronics,Tablet,3,1156,3121.2,0.1,331.4,Online
ORD00406,2024-02-19,CUST3742,Customer_498,Upper Egypt,Sohag,Electronics,Headphones,2,706,1129.6,0.2,136.21,Online
ORD00407,2024-04-15,CUST9810,Customer_425,Alexandria,Smouha,Electronics,Laptop,2,1821,3095.7,0.15,956.31,Online
ORD00408,2024-02-07,CUST1889,Customer_92,Upper Egypt,Luxor,Electronics,Laptop,1,990,891.0,0.1,97.54,Card
ORD00409,2024-08-09,CUST6183,Customer_9,Alexandria,Smouha,Fashion,Jacket,4,844,2869.6,0.15,739.08,Card
ORD00410,2024-09-14,CUST2738,Customer_149,Cairo,Maadi,Electronics,Phone,5,143,715.0,0.0,135.44,Online
ORD00411,2024-01-16,CUST8765,Customer_81,Delta,Zagazig,Electronics,Headphones,4,831,2825.4,0.15,863.25,Online
ORD00412,2024-01-06,CUST3316,Customer_64,Giza,6th October,Sports,Dumbbells,2,660,1188.0,0.1,403.15,Cash
ORD00413,2025-04-08,CUST9397,Customer_73,Cairo,Maadi,Sports,Football,3,480,1296.0,0.1,198.2,Cash
ORD00414,2025-03-11,CUST9992,Customer_237,Giza,6th October,Home,Microwave,1,421,336.8,0.2,105.44,Online
ORD00415,2024-09-06,CUST6420,Customer_183,Alexandria,Smouha,Home,Blender,3,251,715.35,0.05,201.3,Cash
ORD00416,2024-11-11,CUST6008,Customer_356,Giza,6th October,Home,Blender,2,700,1190.0,0.15,253.07,Online
ORD00417,2025-02-06,CUST4629,Customer_365,Giza,Sheikh Zayed,Home,Vacuum,4,395,1580.0,0.0,281.72,Online
ORD00418,2024-07-02,CUST6004,Customer_250,Upper Egypt,Sohag,Home,Microwave,3,1847,4709.85,0.15,1015.97,Online
ORD00419,2025-01-10,CUST2252,Customer_373,Cairo,Nasr City,Electronics,Headphones,2,1875,3000.0,0.2,447.32,Cash
ORD00420,2024-10-05,CUST9842,Customer_242,Cairo,Maadi,Electronics,Tablet,5,485,2425.0,0.0,576.9,Online
ORD00421,2024-09-13,CUST9362,Customer_47,Giza,Dokki,Sports,Treadmill,5,1551,6979.5,0.1,931.56,Card
ORD00422,2024-03-12,CUST8310,Customer_82,Delta,Zagazig,Electronics,Laptop,5,1451,6892.25,0.05,1993.94,Cash
ORD00423,2024-04-28,CUST2029,Customer_136,Alexandria,Montaza,Fashion,Watch,3,132,376.2,0.05,109.24,Card
ORD00424,2024-01-21,CUST6309,Customer_53,Giza,6th October,Fashion,Jacket,4,1011,3437.4,0.15,1101.3,Online
ORD00425,2024-11-30,CUST7201,Customer_188,Alexandria,Montaza,Home,Vacuum,5,1164,4656.0,0.2,667.96,Online
ORD00426,2025-03-20,CUST6653,Customer_250,Cairo,Maadi,Home,Chair,2,1107,1881.9,0.15,354.22,Card
ORD00427,2024-05-23,CUST4465,Customer_77,Alexandria,Smouha,Fashion,Watch,2,521,1042.0,0.0,238.24,Cash
ORD00428,2024-09-03,CUST8844,Customer_246,Giza,Dokki,Electronics,Laptop,4,1711,6159.6,0.1,1725.08,Cash
ORD00429,2024-03-23,CUST3207,Customer_323,Alexandria,Smouha,Sports,Football,2,138,262.2,0.05,63.81,Online
ORD00430,2024-07-26,CUST1305,Customer_450,Cairo,Maadi,Fashion,Shirt,2,578,1098.2,0.05,251.66,Online
ORD00431,2025-03-01,CUST7730,Customer_308,Delta,Tanta,Fashion,Watch,5,1015,4313.75,0.15,615.32,Cash
ORD00432,2024-02-05,CUST4765,Customer_194,Alexandria,Smouha,Home,Microwave,3,1938,4941.9,0.15,1231.19,Card
ORD00433,2025-02-27,CUST3450,Customer_311,Giza,6th October,Electronics,Laptop,5,1810,7240.0,0.2,1962.71,Cash
ORD00434,2024-10-03,CUST1019,Customer_460,Giza,Dokki,Electronics,Phone,1,1037,985.15,0.05,320.66,Online
ORD00435,2025-04-25,CUST8899,Customer_405,Upper Egypt,Luxor,Sports,Dumbbells,1,1478,1182.4,0.2,245.04,Card
ORD00436,2025-04-10,CUST2373,Customer_146,Delta,Zagazig,Electronics,Tablet,2,571,970.7,0.15,282.92,Online
ORD00437,2024-03-01,CUST9515,Customer_4,Alexandria,Gleem,Home,Microwave,1,1502,1502.0,0.0,367.23,Card
ORD00438,2024-10-26,CUST5155,Customer_134,Giza,Sheikh Zayed,Home,Chair,3,268,763.8,0.05,157.74,Online
ORD00439,2025-02-05,CUST8904,Customer_92,Upper Egypt,Luxor,Home,Vacuum,4,1596,6064.8,0.05,1233.02,Card
ORD00440,2024-07-22,CUST3262,Customer_438,Alexandria,Montaza,Sports,Dumbbells,3,1233,3329.1,0.1,977.25,Online
ORD00441,2025-02-06,CUST6544,Customer_411,Cairo,Maadi,Fashion,Watch,2,255,484.5,0.05,110.02,Online
ORD00442,2025-02-25,CUST3381,Customer_242,Alexandria,Montaza,Electronics,Laptop,4,1352,5408.0,0.0,1628.31,Online
ORD00443,2025-01-05,CUST7296,Customer_477,Upper Egypt,Assiut,Electronics,Headphones,2,809,1618.0,0.0,408.15,Card
ORD00444,2024-04-13,CUST9489,Customer_147,Alexandria,Montaza,Home,Blender,2,1361,2313.7,0.15,485.28,Cash
ORD00445,2025-05-14,CUST3579,Customer_45,Cairo,Maadi,Fashion,Shoes,1,786,746.7,0.05,196.95,Card
ORD00446,2024-12-26,CUST2124,Customer_471,Upper Egypt,Sohag,Sports,Bike,5,460,1840.0,0.2,191.07,Cash
ORD00447,2024-08-20,CUST7618,Customer_295,Alexandria,Gleem,Home,Vacuum,3,513,1231.2,0.2,419.55,Cash
ORD00448,2025-04-29,CUST2917,Customer_412,Delta,Tanta,Sports,Football,5,198,792.0,0.2,137.46,Online
ORD00449,2025-01-22,CUST6565,Customer_493,Delta,Zagazig,Home,Chair,4,1203,4090.2,0.15,1196.35,Card
ORD00450,2025-02-07,CUST4610,Customer_347,Upper Egypt,Luxor,Electronics,Tablet,1,578,578.0,0.0,113.1,Online
ORD00451,2024-05-14,CUST5067,Customer_148,Giza,Dokki,Sports,Dumbbells,5,1147,5735.0,0.0,1578.3,Cash
ORD00452,2024-06-30,CUST4580,Customer_458,Upper Egypt,Luxor,Home,Blender,5,1957,9295.75,0.05,2037.06,Online
ORD00453,2024-04-15,CUST4755,Customer_104,Delta,Tanta,Fashion,Watch,2,530,1007.0,0.05,320.41,Cash
ORD00454,2024-12-05,CUST9071,Customer_315,Alexandria,Gleem,Fashion,Shirt,1,1934,1934.0,0.0,520.16,Cash
ORD00455,2025-03-27,CUST5501,Customer_252,Alexandria,Smouha,Sports,Dumbbells,5,695,2953.75,0.15,958.58,Cash
ORD00456,2024-08-04,CUST8836,Customer_482,Alexandria,Gleem,Sports,Treadmill,5,312,1560.0,0.0,361.04,Online
ORD00457,2024-08-23,CUST6171,Customer_353,Cairo,Maadi,Home,Chair,2,986,1972.0,0.0,541.43,Cash
ORD00458,2025-03-17,CUST5254,Customer_96,Cairo,Maadi,Fashion,Watch,5,256,1152.0,0.1,219.34,Online
ORD00459,2024-08-05,CUST4449,Customer_215,Delta,Tanta,Home,Chair,5,752,3384.0,0.1,493.99,Online
ORD00460,2024-10-21,CUST4744,Customer_417,Delta,Mansoura,Sports,Dumbbells,4,418,1337.6,0.2,177.61,Cash
ORD00461,2024-01-05,CUST3893,Customer_216,Delta,Tanta,Sports,Bike,2,348,661.2,0.05,144.3,Card
ORD00462,2024-01-25,CUST7527,Customer_51,Giza,Sheikh Zayed,Home,Chair,3,563,1351.2,0.2,425.12,Online
ORD00463,2024-06-20,CUST5256,Customer_185,Giza,6th October,Fashion,Jacket,4,1768,7072.0,0.0,1502.54,Card
ORD00464,2024-12-13,CUST4259,Customer_296,Alexandria,Montaza,Home,Vacuum,1,893,893.0,0.0,167.68,Online
ORD00465,2025-01-12,CUST8322,Customer_456,Alexandria,Smouha,Home,Vacuum,3,1428,3427.2,0.2,760.4,Cash
ORD00466,2025-04-20,CUST6527,Customer_216,Upper Egypt,Luxor,Home,Chair,2,1828,3473.2,0.05,903.54,Online
ORD00467,2024-06-11,CUST5773,Customer_364,Alexandria,Montaza,Sports,Football,1,381,342.9,0.1,53.85,Card
ORD00468,2024-09-23,CUST8377,Customer_212,Alexandria,Montaza,Sports,Dumbbells,4,1649,5936.4,0.1,1703.59,Cash
ORD00469,2024-07-22,CUST2687,Customer_49,Giza,6th October,Fashion,Shoes,3,1976,5928.0,0.0,904.87,Cash
ORD00470,2024-11-12,CUST3544,Customer_44,Upper Egypt,Luxor,Electronics,Phone,4,1123,4492.0,0.0,565.91,Online
ORD00471,2025-03-05,CUST3795,Customer_15,Upper Egypt,Sohag,Fashion,Shoes,3,957,2727.45,0.05,362.26,Cash
ORD00472,2024-03-10,CUST9835,Customer_91,Delta,Mansoura,Sports,Bike,5,1964,8838.0,0.1,2095.81,Online
ORD00473,2024-02-15,CUST8239,Customer_158,Alexandria,Gleem,Sports,Dumbbells,3,1036,2486.4,0.2,389.82,Card
ORD00474,2025-03-10,CUST3233,Customer_177,Upper Egypt,Sohag,Fashion,Jacket,1,50,40.0,0.2,12.15,Card
ORD00475,2025-02-12,CUST5799,Customer_306,Upper Egypt,Luxor,Electronics,Tablet,4,663,2652.0,0.0,772.97,Cash
ORD00476,2024-05-07,CUST3675,Customer_367,Cairo,Maadi,Home,Microwave,4,1856,5939.2,0.2,1242.94,Online
ORD00477,2025-02-13,CUST5454,Customer_146,Upper Egypt,Sohag,Fashion,Jacket,1,914,868.3,0.05,198.97,Online
ORD00478,2024-11-22,CUST8460,Customer_317,Alexandria,Gleem,Sports,Treadmill,1,423,401.85,0.05,69.28,Card
ORD00479,2024-09-30,CUST1362,Customer_96,Delta,Zagazig,Sports,Treadmill,3,89,253.65,0.05,28.51,Cash
ORD00480,2024-09-09,CUST4558,Customer_176,Delta,Mansoura,Fashion,Watch,1,526,526.0,0.0,72.41,Card
ORD00481,2025-05-02,CUST3393,Customer_29,Delta,Mansoura,Home,Chair,1,726,726.0,0.0,225.7,Card
ORD00482,2025-02-28,CUST1206,Customer_63,Upper Egypt,Assiut,Sports,Treadmill,2,1884,3391.2,0.1,1031.99,Online
ORD00483,2024-02-18,CUST9538,Customer_341,Giza,Dokki,Sports,Treadmill,1,457,388.45,0.15,110.25,Cash
ORD00484,2024-10-08,CUST9534,Customer_63,Upper Egypt,Sohag,Home,Vacuum,2,1338,2676.0,0.0,765.82,Card
ORD00485,2024-04-21,CUST2850,Customer_121,Upper Egypt,Luxor,Home,Microwave,3,1867,5601.0,0.0,1769.44,Online
ORD00486,2024-05-04,CUST1146,Customer_497,Upper Egypt,Sohag,Electronics,Laptop,3,1247,3741.0,0.0,744.28,Cash
ORD00487,2024-09-12,CUST2497,Customer_352,Alexandria,Montaza,Sports,Treadmill,3,1628,4884.0,0.0,792.09,Online
ORD00488,2025-02-09,CUST2759,Customer_65,Delta,Zagazig,Electronics,Phone,3,1370,3904.5,0.05,1075.03,Card
ORD00489,2024-03-09,CUST5107,Customer_461,Giza,Dokki,Home,Chair,2,93,158.1,0.15,29.97,Cash
ORD00490,2024-04-05,CUST9906,Customer_179,Upper Egypt,Luxor,Sports,Dumbbells,5,1477,6277.25,0.15,925.54,Card
ORD00491,2024-05-14,CUST9873,Customer_188,Upper Egypt,Sohag,Fashion,Shirt,5,367,1559.75,0.15,271.27,Card
ORD00492,2024-05-02,CUST6254,Customer_370,Cairo,Maadi,Sports,Treadmill,1,1319,1187.1,0.1,349.01,Cash
ORD00493,2024-07-28,CUST6276,Customer_57,Alexandria,Gleem,Fashion,Watch,5,365,1460.0,0.2,249.34,Cash
ORD00494,2024-09-05,CUST4139,Customer_51,Alexandria,Montaza,Electronics,Phone,2,415,830.0,0.0,124.93,Cash
ORD00495,2024-07-06,CUST4616,Customer_311,Alexandria,Montaza,Sports,Bike,5,1327,5308.0,0.2,870.43,Online
ORD00496,2025-01-15,CUST7814,Customer_421,Cairo,Nasr City,Fashion,Watch,1,1008,1008.0,0.0,191.75,Card
ORD00497,2024-04-20,CUST9511,Customer_50,Cairo,Maadi,Home,Blender,1,1758,1582.2,0.1,189.05,Cash
ORD00498,2025-04-30,CUST3931,Customer_286,Giza,Sheikh Zayed,Sports,Treadmill,2,1127,2141.3,0.05,519.28,Online
ORD00499,2024-03-26,CUST3955,Customer_282,Alexandria,Gleem,Electronics,Headphones,4,1488,5059.2,0.15,1622.52,Card
ORD00500,2024-06-15,CUST7090,Customer_212,Alexandria,Gleem,Fashion,Watch,3,1898,5124.6,0.1,1217.2,Online
ORD00501,2024-10-08,CUST5162,Customer_185,Upper Egypt,Luxor,Home,Microwave,5,1167,5543.25,0.05,1074.09,Card
ORD00502,2025-03-31,CUST5945,Customer_4,Upper Egypt,Sohag,Electronics,Phone,3,1270,3810.0,0.0,874.02,Card
ORD00503,2024-10-19,CUST3534,Customer_49,Giza,6th October,Home,Blender,3,1932,4636.8,0.2,1056.35,Cash
ORD00504,2024-05-11,CUST5920,Customer_48,Upper Egypt,Sohag,Fashion,Shoes,3,801,1922.4,0.2,312.32,Online
ORD00505,2025-02-26,CUST2562,Customer_305,Upper Egypt,Luxor,Fashion,Shirt,3,1673,4266.15,0.15,611.02,Online
ORD00506,2025-02-22,CUST8115,Customer_214,Delta,Tanta,Sports,Football,1,1937,1743.3,0.1,325.97,Cash
ORD00507,2024-10-03,CUST3450,Customer_168,Giza,Sheikh Zayed,Electronics,Tablet,1,674,539.2,0.2,59.47,Online
ORD00508,2024-02-16,CUST4638,Customer_222,Giza,6th October,Electronics,Tablet,4,1591,5091.2,0.2,1241.3,Card
ORD00509,2024-10-07,CUST7540,Customer_135,Upper Egypt,Assiut,Fashion,Jacket,1,1024,819.2,0.2,234.56,Cash
ORD00510,2024-07-21,CUST4212,Customer_288,Upper Egypt,Luxor,Sports,Treadmill,2,1034,1654.4,0.2,247.38,Online
ORD00511,2025-04-18,CUST2467,Customer_58,Alexandria,Smouha,Fashion,Shirt,3,1640,4182.0,0.15,756.33,Online
ORD00512,2024-01-13,CUST5994,Customer_87,Upper Egypt,Sohag,Home,Vacuum,2,706,1270.8,0.1,315.75,Card
ORD00513,2024-07-10,CUST3555,Customer_388,Alexandria,Gleem,Fashion,Watch,1,1942,1844.9,0.05,276.59,Online
ORD00514,2025-02-23,CUST5713,Customer_8,Cairo,Nasr City,Electronics,Laptop,5,1947,9248.25,0.05,2933.43,Card
ORD00515,2024-04-18,CUST4339,Customer_280,Cairo,Heliopolis,Sports,Bike,1,729,692.55,0.05,197.38,Online
ORD00516,2024-09-26,CUST1712,Customer_131,Delta,Zagazig,Sports,Treadmill,1,821,656.8,0.2,214.45,Cash
ORD00517,2024-12-04,CUST5445,Customer_340,Cairo,Heliopolis,Fashion,Jacket,1,1002,1002.0,0.0,116.88,Online
ORD00518,2024-12-29,CUST2631,Customer_463,Delta,Tanta,Electronics,Headphones,4,523,1778.2,0.15,403.89,Card
ORD00519,2024-12-30,CUST1352,Customer_21,Upper Egypt,Luxor,Electronics,Laptop,2,1075,1827.5,0.15,438.91,Cash
ORD00520,2024-12-16,CUST6765,Customer_182,Alexandria,Gleem,Home,Chair,4,1574,5981.2,0.05,625.59,Online
ORD00521,2025-02-21,CUST1482,Customer_484,Delta,Tanta,Home,Blender,3,1849,4714.95,0.15,1521.05,Online
ORD00522,2024-07-14,CUST9531,Customer_492,Delta,Tanta,Fashion,Jacket,4,1395,5301.0,0.05,646.45,Online
ORD00523,2024-06-08,CUST6395,Customer_230,Alexandria,Montaza,Fashion,Watch,2,1223,2323.7,0.05,480.11,Online
ORD00524,2024-08-08,CUST3378,Customer_336,Giza,6th October,Fashion,Shoes,2,682,1091.2,0.2,357.25,Online
ORD00525,2025-01-26,CUST6221,Customer_451,Giza,Dokki,Electronics,Phone,2,700,1330.0,0.05,374.75,Card
ORD00526,2024-04-04,CUST1429,Customer_391,Upper Egypt,Sohag,Sports,Dumbbells,2,1645,3125.5,0.05,395.98,Online
ORD00527,2024-12-18,CUST8808,Customer_69,Alexandria,Gleem,Fashion,Shoes,2,1457,2914.0,0.0,553.12,Online
ORD00528,2024-04-08,CUST4707,Customer_17,Alexandria,Gleem,Home,Microwave,4,1056,3590.4,0.15,482.47,Card
ORD00529,2025-04-19,CUST8197,Customer_444,Cairo,Heliopolis,Sports,Treadmill,2,1601,3041.9,0.05,354.49,Online
ORD00530,2024-11-07,CUST7232,Customer_369,Upper Egypt,Luxor,Home,Chair,2,925,1572.5,0.15,462.4,Card
ORD00531,2024-05-05,CUST9498,Customer_276,Upper Egypt,Luxor,Electronics,Phone,4,985,3940.0,0.0,1258.61,Card
ORD00532,2024-06-04,CUST5684,Customer_237,Cairo,Maadi,Sports,Football,2,646,1098.2,0.15,219.1,Cash
ORD00533,2024-09-13,CUST2854,Customer_93,Upper Egypt,Sohag,Electronics,Laptop,4,1749,5946.6,0.15,729.11,Online
ORD00534,2024-10-29,CUST4308,Customer_452,Alexandria,Smouha,Sports,Bike,3,973,2919.0,0.0,422.44,Card
ORD00535,2024-11-20,CUST6946,Customer_44,Cairo,Heliopolis,Home,Microwave,1,236,236.0,0.0,65.27,Online
ORD00536,2025-04-12,CUST6491,Customer_290,Upper Egypt,Luxor,Fashion,Watch,5,829,4145.0,0.0,1210.61,Online
ORD00537,2025-01-28,CUST8311,Customer_148,Giza,6th October,Fashion,Shoes,1,909,818.1,0.1,145.11,Online
ORD00538,2024-09-11,CUST9169,Customer_279,Giza,6th October,Fashion,Shoes,1,1325,1192.5,0.1,122.89,Cash
ORD00539,2024-08-14,CUST2300,Customer_308,Alexandria,Gleem,Fashion,Shoes,5,1400,5950.0,0.15,1269.94,Online
ORD00540,2024-06-27,CUST1601,Customer_75,Cairo,Nasr City,Home,Microwave,1,428,406.6,0.05,46.26,Cash
ORD00541,2024-04-01,CUST3643,Customer_345,Alexandria,Montaza,Home,Vacuum,1,150,150.0,0.0,30.64,Card
ORD00542,2024-06-02,CUST6289,Customer_189,Alexandria,Montaza,Fashion,Watch,5,787,3935.0,0.0,485.11,Card
ORD00543,2024-05-20,CUST6393,Customer_270,Cairo,Heliopolis,Electronics,Headphones,4,325,1300.0,0.0,355.75,Card
ORD00544,2024-09-04,CUST5705,Customer_219,Alexandria,Smouha,Fashion,Shirt,1,1220,976.0,0.2,338.47,Online
ORD00545,2024-11-19,CUST9154,Customer_253,Delta,Mansoura,Home,Microwave,5,1202,5108.5,0.15,1174.58,Cash
ORD00546,2025-02-11,CUST2932,Customer_378,Alexandria,Smouha,Home,Microwave,1,292,292.0,0.0,63.14,Cash
ORD00547,2024-04-18,CUST1185,Customer_328,Alexandria,Gleem,Sports,Football,3,766,1838.4,0.2,554.3,Cash
ORD00548,2024-01-04,CUST2865,Customer_352,Delta,Mansoura,Electronics,Headphones,3,1087,2608.8,0.2,472.14,Card
ORD00549,2024-09-02,CUST8774,Customer_409,Delta,Mansoura,Electronics,Laptop,2,726,1306.8,0.1,431.99,Cash
ORD00550,2025-02-20,CUST7782,Customer_476,Giza,Dokki,Fashion,Watch,5,1884,8478.0,0.1,1828.01,Online
ORD00551,2024-12-16,CUST6434,Customer_410,Cairo,Maadi,Home,Vacuum,5,1147,5735.0,0.0,872.1,Card
ORD00552,2024-10-19,CUST7382,Customer_96,Cairo,Nasr City,Home,Blender,3,818,1963.2,0.2,609.77,Online
ORD00553,2024-05-01,CUST7088,Customer_232,Cairo,Heliopolis,Home,Blender,3,897,2691.0,0.0,603.49,Card
ORD00554,2025-04-12,CUST2517,Customer_228,Giza,Sheikh Zayed,Home,Microwave,1,816,816.0,0.0,240.27,Online
ORD00555,2024-09-25,CUST6084,Customer_398,Cairo,Heliopolis,Fashion,Shoes,3,1941,4949.55,0.15,1401.27,Card
ORD00556,2024-09-24,CUST2897,Customer_3,Giza,6th October,Fashion,Shoes,1,990,841.5,0.15,234.29,Card
ORD00557,2025-01-27,CUST6119,Customer_12,Cairo,Maadi,Electronics,Headphones,4,1871,7484.0,0.0,941.31,Online
ORD00558,2024-06-12,CUST8227,Customer_344,Delta,Zagazig,Fashion,Jacket,2,444,799.2,0.1,135.19,Cash
ORD00559,2024-02-22,CUST4384,Customer_278,Delta,Tanta,Fashion,Jacket,1,81,64.8,0.2,15.55,Card
ORD00560,2024-06-08,CUST6549,Customer_277,Alexandria,Gleem,Home,Microwave,3,1225,3491.25,0.05,498.62,Card
ORD00561,2024-08-06,CUST7421,Customer_92,Cairo,Nasr City,Electronics,Tablet,1,266,226.1,0.15,25.65,Online
ORD00562,2024-12-09,CUST9740,Customer_41,Alexandria,Montaza,Sports,Dumbbells,3,730,2080.5,0.05,578.85,Card
ORD00563,2024-12-29,CUST8625,Customer_241,Alexandria,Smouha,Electronics,Tablet,1,983,884.7,0.1,239.86,Cash
ORD00564,2025-03-27,CUST6320,Customer_233,Giza,6th October,Home,Vacuum,4,425,1530.0,0.1,454.71,Card
ORD00565,2024-05-24,CUST6711,Customer_310,Cairo,Nasr City,Sports,Football,3,1030,2626.5,0.15,818.0,Online
ORD00566,2025-02-09,CUST5949,Customer_273,Giza,Sheikh Zayed,Electronics,Tablet,1,717,573.6,0.2,150.49,Card
ORD00567,2024-09-03,CUST7288,Customer_34,Upper Egypt,Luxor,Sports,Treadmill,5,549,2196.0,0.2,306.9,Card
ORD00568,2024-04-30,CUST3835,Customer_340,Giza,Sheikh Zayed,Sports,Bike,5,1662,7479.0,0.1,1766.03,Online
ORD00569,2024-02-19,CUST8294,Customer_91,Cairo,Maadi,Sports,Football,5,1270,5397.5,0.15,978.81,Card
ORD00570,2025-02-22,CUST3276,Customer_455,Upper Egypt,Assiut,Electronics,Tablet,3,1062,3186.0,0.0,390.71,Online
ORD00571,2024-08-16,CUST4205,Customer_106,Cairo,Nasr City,Fashion,Watch,5,646,2745.5,0.15,697.06,Online
ORD00572,2024-09-18,CUST7622,Customer_434,Delta,Mansoura,Home,Chair,3,232,556.8,0.2,56.81,Cash
ORD00573,2024-07-02,CUST2797,Customer_441,Delta,Tanta,Home,Blender,1,1490,1192.0,0.2,363.78,Card
ORD00574,2024-08-10,CUST9931,Customer_109,Cairo,Nasr City,Sports,Bike,3,1507,3842.85,0.15,774.37,Online
ORD00575,2024-03-19,CUST5726,Customer_447,Giza,Dokki,Fashion,Shoes,5,837,3766.5,0.1,1167.58,Online
ORD00576,2025-05-14,CUST3224,Customer_44,Giza,6th October,Electronics,Phone,1,344,292.4,0.15,77.33,Cash
ORD00577,2024-08-18,CUST7303,Customer_182,Upper Egypt,Sohag,Sports,Treadmill,4,1093,3716.2,0.15,884.5,Cash
ORD00578,2025-04-19,CUST9948,Customer_296,Giza,Dokki,Electronics,Tablet,2,1508,2412.8,0.2,403.69,Card
ORD00579,2024-02-10,CUST3327,Customer_374,Cairo,Nasr City,Sports,Dumbbells,1,1238,1052.3,0.15,358.24,Online
ORD00580,2024-08-29,CUST2279,Customer_351,Alexandria,Gleem,Sports,Football,5,1872,7488.0,0.2,914.37,Online
ORD00581,2024-09-19,CUST8687,Customer_294,Alexandria,Montaza,Home,Blender,3,1145,3435.0,0.0,746.14,Online
ORD00582,2024-11-01,CUST5981,Customer_373,Delta,Mansoura,Home,Vacuum,3,393,1179.0,0.0,322.77,Online
ORD00583,2024-11-15,CUST1447,Customer_147,Delta,Tanta,Sports,Treadmill,5,155,697.5,0.1,210.8,Card
ORD00584,2025-03-15,CUST5209,Customer_8,Cairo,Nasr City,Electronics,Headphones,3,321,770.4,0.2,131.16,Online
ORD00585,2024-12-24,CUST4869,Customer_249,Cairo,Maadi,Fashion,Shoes,4,807,3066.6,0.05,506.95,Cash
ORD00586,2025-01-20,CUST7765,Customer_395,Alexandria,Smouha,Home,Blender,2,1269,2411.1,0.05,746.0,Card
ORD00587,2024-05-15,CUST2900,Customer_27,Giza,Sheikh Zayed,Sports,Treadmill,2,1233,2219.4,0.1,252.08,Cash
ORD00588,2024-12-15,CUST7390,Customer_243,Upper Egypt,Sohag,Sports,Dumbbells,4,1578,5049.6,0.2,799.93,Card
ORD00589,2024-06-10,CUST9687,Customer_350,Giza,Sheikh Zayed,Sports,Football,3,1948,4967.4,0.15,971.13,Cash
ORD00590,2024-05-16,CUST2610,Customer_131,Cairo,Maadi,Home,Chair,5,1930,8685.0,0.1,1595.8,Online
ORD00591,2024-12-12,CUST3947,Customer_161,Alexandria,Gleem,Sports,Treadmill,5,1627,7728.25,0.05,1777.41,Online
ORD00592,2024-12-16,CUST8306,Customer_180,Cairo,Maadi,Electronics,Phone,1,892,892.0,0.0,206.33,Cash
ORD00593,2024-10-31,CUST4552,Customer_487,Delta,Mansoura,Fashion,Shirt,1,1318,1318.0,0.0,150.54,Online
ORD00594,2025-04-05,CUST4027,Customer_459,Cairo,Maadi,Electronics,Phone,5,316,1343.0,0.15,354.68,Cash
ORD00595,2024-05-21,CUST7995,Customer_355,Giza,Dokki,Home,Chair,1,1358,1154.3,0.15,381.7,Online
ORD00596,2024-06-19,CUST1984,Customer_133,Delta,Mansoura,Fashion,Shirt,3,1641,4923.0,0.0,963.43,Card
ORD00597,2024-09-08,CUST2776,Customer_74,Giza,Dokki,Electronics,Tablet,2,1299,2208.3,0.15,319.34,Online
ORD00598,2024-10-19,CUST5105,Customer_398,Upper Egypt,Assiut,Electronics,Tablet,3,261,783.0,0.0,92.57,Card
ORD00599,2024-12-24,CUST6403,Customer_464,Cairo,Heliopolis,Fashion,Shirt,1,1411,1199.35,0.15,199.82,Card
ORD00600,2024-01-02,CUST7298,Customer_489,Alexandria,Smouha,Sports,Bike,4,877,3508.0,0.0,824.49,Online
ORD00601,2025-05-05,CUST2485,Customer_188,Upper Egypt,Assiut,Home,Vacuum,3,870,2610.0,0.0,673.56,Online
ORD00602,2024-07-15,CUST4129,Customer_154,Delta,Tanta,Sports,Dumbbells,2,411,657.6,0.2,72.23,Online
ORD00603,2024-03-12,CUST1584,Customer_99,Upper Egypt,Assiut,Home,Chair,1,1862,1582.7,0.15,449.22,Cash
ORD00604,2024-09-12,CUST9748,Customer_495,Alexandria,Smouha,Sports,Bike,1,1673,1338.4,0.2,349.12,Card
ORD00605,2024-04-18,CUST9570,Customer_235,Cairo,Nasr City,Home,Blender,3,1663,4989.0,0.0,1004.67,Online
ORD00606,2024-01-10,CUST8720,Customer_465,Alexandria,Smouha,Fashion,Shirt,1,1556,1478.2,0.05,328.49,Online
ORD00607,2025-02-24,CUST2594,Customer_234,Cairo,Nasr City,Fashion,Shirt,2,1345,2690.0,0.0,877.39,Online
ORD00608,2024-04-22,CUST2033,Customer_412,Giza,Sheikh Zayed,Electronics,Phone,1,1068,854.4,0.2,256.14,Cash
ORD00609,2024-06-13,CUST4493,Customer_392,Upper Egypt,Sohag,Sports,Dumbbells,1,1451,1160.8,0.2,274.5,Cash
ORD00610,2024-03-27,CUST7060,Customer_284,Alexandria,Smouha,Home,Blender,1,610,579.5,0.05,167.7,Cash
ORD00611,2024-03-21,CUST1256,Customer_451,Upper Egypt,Assiut,Electronics,Laptop,1,1670,1336.0,0.2,259.23,Card
ORD00612,2024-08-01,CUST8798,Customer_355,Cairo,Nasr City,Electronics,Laptop,1,1497,1197.6,0.2,385.3,Cash
ORD00613,2024-01-20,CUST3949,Customer_368,Giza,6th October,Home,Chair,4,539,2048.2,0.05,517.45,Card
ORD00614,2024-03-01,CUST9686,Customer_49,Alexandria,Smouha,Home,Vacuum,4,59,188.8,0.2,30.0,Online
ORD00615,2025-02-11,CUST3444,Customer_351,Delta,Zagazig,Fashion,Watch,2,616,1232.0,0.0,182.87,Card
ORD00616,2024-08-10,CUST5118,Customer_172,Upper Egypt,Assiut,Fashion,Shirt,1,1370,1233.0,0.1,211.17,Online
ORD00617,2024-09-05,CUST9436,Customer_60,Upper Egypt,Assiut,Electronics,Phone,5,410,1947.5,0.05,577.19,Cash
ORD00618,2024-02-26,CUST6343,Customer_117,Giza,Sheikh Zayed,Sports,Dumbbells,4,457,1645.2,0.1,259.15,Cash
ORD00619,2024-10-26,CUST8936,Customer_28,Giza,Sheikh Zayed,Sports,Treadmill,4,1875,7125.0,0.05,843.47,Card
ORD00620,2024-04-09,CUST6875,Customer_500,Giza,6th October,Sports,Treadmill,4,814,3093.2,0.05,663.29,Card
ORD00621,2025-03-12,CUST8627,Customer_235,Giza,Dokki,Fashion,Shirt,5,172,774.0,0.1,103.81,Card
ORD00622,2024-10-22,CUST4763,Customer_45,Giza,Dokki,Fashion,Jacket,5,371,1484.0,0.2,484.37,Card
ORD00623,2025-01-11,CUST5041,Customer_127,Alexandria,Gleem,Fashion,Watch,4,621,2484.0,0.0,701.74,Card
ORD00624,2024-01-23,CUST1656,Customer_241,Upper Egypt,Luxor,Fashion,Shoes,5,1889,9445.0,0.0,1930.96,Online
ORD00625,2024-05-03,CUST2361,Customer_286,Alexandria,Smouha,Sports,Bike,4,1708,6832.0,0.0,1455.97,Cash
ORD00626,2024-12-08,CUST5994,Customer_83,Upper Egypt,Assiut,Fashion,Jacket,3,539,1617.0,0.0,168.14,Online
ORD00627,2024-07-26,CUST4030,Customer_405,Upper Egypt,Luxor,Electronics,Tablet,4,1630,6194.0,0.05,1973.1,Card
ORD00628,2024-05-31,CUST7977,Customer_386,Upper Egypt,Luxor,Electronics,Phone,4,1879,6764.4,0.1,1574.28,Card
ORD00629,2024-01-29,CUST9433,Customer_485,Alexandria,Montaza,Fashion,Shirt,5,1853,8338.5,0.1,2367.64,Online
ORD00630,2024-07-06,CUST3871,Customer_332,Delta,Tanta,Electronics,Tablet,3,1003,2407.2,0.2,265.32,Online
ORD00631,2024-09-01,CUST4437,Customer_386,Cairo,Maadi,Fashion,Shoes,3,538,1291.2,0.2,165.78,Online
ORD00632,2024-02-02,CUST7108,Customer_177,Giza,Dokki,Home,Vacuum,5,1443,6132.75,0.15,1038.19,Card
ORD00633,2024-08-19,CUST7031,Customer_410,Upper Egypt,Luxor,Electronics,Tablet,5,1439,5756.0,0.2,1869.91,Online
ORD00634,2025-05-04,CUST2260,Customer_56,Cairo,Nasr City,Sports,Football,1,850,807.5,0.05,138.97,Cash
ORD00635,2024-11-17,CUST1371,Customer_151,Delta,Tanta,Fashion,Watch,2,1841,3497.9,0.05,805.12,Card
ORD00636,2024-02-02,CUST1361,Customer_447,Alexandria,Smouha,Sports,Dumbbells,4,959,3836.0,0.0,663.16,Cash
ORD00637,2024-12-06,CUST9686,Customer_432,Alexandria,Montaza,Home,Chair,5,752,3384.0,0.1,749.68,Online
ORD00638,2024-07-09,CUST5720,Customer_395,Upper Egypt,Sohag,Home,Microwave,3,401,1082.7,0.1,169.65,Cash
ORD00639,2024-05-26,CUST3986,Customer_499,Giza,Dokki,Home,Chair,2,1316,2500.4,0.05,694.99,Cash
ORD00640,2024-05-13,CUST7056,Customer_95,Giza,6th October,Fashion,Shirt,1,698,558.4,0.2,73.5,Cash
ORD00641,2025-05-14,CUST3663,Customer_274,Alexandria,Montaza,Electronics,Headphones,3,352,950.4,0.1,201.59,Card
ORD00642,2024-03-20,CUST1070,Customer_497,Cairo,Nasr City,Sports,Bike,2,1991,3384.7,0.15,1123.56,Online
ORD00643,2025-01-21,CUST3409,Customer_410,Alexandria,Montaza,Home,Vacuum,4,1884,6782.4,0.1,2322.3,Online
ORD00644,2024-01-13,CUST7580,Customer_317,Upper Egypt,Sohag,Electronics,Tablet,1,335,268.0,0.2,34.63,Cash
ORD00645,2024-04-23,CUST5553,Customer_101,Upper Egypt,Sohag,Electronics,Headphones,1,1295,1230.25,0.05,302.47,Cash
ORD00646,2024-11-04,CUST9381,Customer_484,Cairo,Maadi,Sports,Football,5,857,4070.75,0.05,906.22,Cash
ORD00647,2024-06-25,CUST6756,Customer_158,Delta,Mansoura,Fashion,Watch,3,840,2268.0,0.1,233.71,Card
ORD00648,2025-02-16,CUST7944,Customer_374,Alexandria,Smouha,Fashion,Watch,4,1695,5763.0,0.15,992.15,Card
ORD00649,2024-09-25,CUST6495,Customer_34,Giza,Sheikh Zayed,Electronics,Laptop,2,671,1140.7,0.15,395.93,Online
ORD00650,2024-12-29,CUST3243,Customer_103,Upper Egypt,Assiut,Electronics,Tablet,3,898,2559.3,0.05,611.55,Cash
ORD00651,2024-10-13,CUST8593,Customer_115,Upper Egypt,Sohag,Sports,Football,3,1759,4221.6,0.2,742.91,Cash
ORD00652,2024-09-08,CUST5009,Customer_15,Cairo,Nasr City,Home,Vacuum,4,304,1094.4,0.1,223.57,Cash
ORD00653,2024-05-12,CUST8799,Customer_499,Delta,Mansoura,Electronics,Headphones,5,1034,4136.0,0.2,864.49,Online
ORD00654,2024-08-24,CUST3219,Customer_183,Cairo,Heliopolis,Electronics,Headphones,2,1241,2482.0,0.0,338.88,Cash
ORD00655,2024-11-23,CUST2258,Customer_264,Cairo,Heliopolis,Home,Chair,3,149,402.3,0.1,69.56,Cash
ORD00656,2024-12-23,CUST6939,Customer_50,Giza,6th October,Fashion,Jacket,3,1743,4706.1,0.1,789.99,Online
ORD00657,2024-09-05,CUST7750,Customer_175,Alexandria,Gleem,Fashion,Shirt,2,1111,1999.8,0.1,386.47,Cash
ORD00658,2025-03-01,CUST9612,Customer_434,Cairo,Nasr City,Fashion,Shoes,2,1678,2684.8,0.2,680.21,Online
ORD00659,2024-03-08,CUST1284,Customer_246,Alexandria,Montaza,Electronics,Tablet,4,1926,7704.0,0.0,994.91,Card
ORD00660,2025-05-11,CUST6604,Customer_89,Delta,Zagazig,Home,Microwave,4,1872,5990.4,0.2,1382.47,Online
ORD00661,2024-06-06,CUST3053,Customer_108,Delta,Tanta,Electronics,Laptop,2,1804,3427.6,0.05,932.35,Cash
ORD00662,2024-01-22,CUST4217,Customer_56,Cairo,Heliopolis,Electronics,Phone,1,1636,1390.6,0.15,402.35,Cash
ORD00663,2024-06-03,CUST1168,Customer_387,Alexandria,Montaza,Electronics,Tablet,1,1910,1719.0,0.1,190.5,Cash
ORD00664,2024-03-15,CUST5544,Customer_486,Cairo,Maadi,Fashion,Shoes,2,1423,2561.4,0.1,274.88,Online
ORD00665,2024-10-23,CUST1229,Customer_271,Delta,Mansoura,Fashion,Shoes,5,1217,6085.0,0.0,759.26,Cash
ORD00666,2025-03-11,CUST8777,Customer_188,Giza,Dokki,Fashion,Shirt,1,1942,1844.9,0.05,609.04,Online
ORD00667,2024-08-05,CUST4510,Customer_264,Alexandria,Smouha,Sports,Football,2,1759,3166.2,0.1,1093.37,Cash
ORD00668,2025-01-25,CUST6918,Customer_361,Upper Egypt,Assiut,Home,Blender,4,275,880.0,0.2,117.9,Card
ORD00669,2024-08-21,CUST6111,Customer_352,Alexandria,Montaza,Electronics,Phone,3,1061,3183.0,0.0,624.49,Card
ORD00670,2025-02-14,CUST8793,Customer_481,Giza,Sheikh Zayed,Sports,Dumbbells,4,436,1744.0,0.0,564.51,Online
ORD00671,2024-12-12,CUST2392,Customer_62,Delta,Tanta,Electronics,Tablet,1,861,731.85,0.15,168.81,Cash
ORD00672,2024-10-31,CUST7623,Customer_63,Upper Egypt,Sohag,Electronics,Laptop,1,794,754.3,0.05,139.29,Cash
ORD00673,2025-02-14,CUST7557,Customer_183,Upper Egypt,Luxor,Sports,Dumbbells,5,1265,5692.5,0.1,1645.56,Card
ORD00674,2024-05-08,CUST9017,Customer_255,Alexandria,Gleem,Sports,Dumbbells,2,1622,2757.4,0.15,350.22,Cash
ORD00675,2024-07-14,CUST6356,Customer_79,Giza,6th October,Electronics,Phone,1,1070,1070.0,0.0,367.03,Card
ORD00676,2024-04-13,CUST5809,Customer_339,Alexandria,Montaza,Electronics,Phone,5,1621,6889.25,0.15,2054.26,Card
ORD00677,2024-01-17,CUST8051,Customer_451,Upper Egypt,Luxor,Home,Vacuum,5,1169,5845.0,0.0,1976.46,Cash
ORD00678,2024-10-12,CUST5965,Customer_453,Upper Egypt,Sohag,Home,Chair,4,991,3964.0,0.0,428.96,Online
ORD00679,2024-02-26,CUST9037,Customer_338,Giza,Dokki,Sports,Treadmill,3,1515,3863.25,0.15,857.12,Online
ORD00680,2024-07-19,CUST5315,Customer_254,Alexandria,Montaza,Sports,Bike,5,1799,8545.25,0.05,1936.96,Online
ORD00681,2024-03-06,CUST7003,Customer_179,Upper Egypt,Luxor,Home,Vacuum,3,175,525.0,0.0,130.0,Online
ORD00682,2024-07-29,CUST6755,Customer_29,Alexandria,Smouha,Home,Chair,1,926,833.4,0.1,290.01,Online
ORD00683,2024-02-28,CUST6531,Customer_87,Giza,6th October,Fashion,Jacket,5,223,1115.0,0.0,353.72,Cash
ORD00684,2024-05-16,CUST1334,Customer_357,Alexandria,Gleem,Electronics,Tablet,4,1213,3881.6,0.2,1262.89,Card
ORD00685,2025-02-17,CUST9001,Customer_52,Alexandria,Smouha,Home,Chair,5,849,3820.5,0.1,928.9,Online
ORD00686,2024-08-11,CUST4305,Customer_255,Giza,Dokki,Sports,Dumbbells,2,1309,2356.2,0.1,449.64,Online
ORD00687,2024-07-24,CUST4700,Customer_320,Cairo,Maadi,Fashion,Jacket,3,147,396.9,0.1,138.54,Online
ORD00688,2024-08-31,CUST7997,Customer_108,Cairo,Maadi,Electronics,Headphones,3,187,448.8,0.2,134.77,Card
ORD00689,2024-07-31,CUST7591,Customer_129,Cairo,Maadi,Home,Vacuum,4,1408,4505.6,0.2,803.52,Online
ORD00690,2024-04-19,CUST8656,Customer_138,Alexandria,Gleem,Fashion,Shirt,5,1816,8626.0,0.05,2106.56,Online
ORD00691,2024-05-03,CUST3465,Customer_383,Alexandria,Montaza,Sports,Football,5,460,2070.0,0.1,446.34,Online
ORD00692,2024-05-16,CUST5702,Customer_331,Delta,Mansoura,Sports,Dumbbells,1,1348,1280.6,0.05,398.9,Cash
ORD00693,2024-05-05,CUST6087,Customer_238,Delta,Zagazig,Fashion,Watch,2,282,535.8,0.05,79.29,Card
ORD00694,2024-05-12,CUST5551,Customer_338,Alexandria,Gleem,Sports,Football,2,376,676.8,0.1,90.76,Online
ORD00695,2024-06-01,CUST2041,Customer_462,Giza,Sheikh Zayed,Electronics,Tablet,1,163,163.0,0.0,29.09,Card
ORD00696,2024-09-13,CUST2976,Customer_268,Delta,Zagazig,Electronics,Tablet,2,533,1066.0,0.0,258.76,Online
ORD00697,2025-02-17,CUST6134,Customer_169,Alexandria,Montaza,Home,Chair,1,537,429.6,0.2,56.09,Online
ORD00698,2025-05-11,CUST5498,Customer_226,Upper Egypt,Luxor,Fashion,Watch,2,345,690.0,0.0,99.21,Card
ORD00699,2024-08-04,CUST8780,Customer_350,Delta,Zagazig,Electronics,Tablet,5,817,4085.0,0.0,731.72,Cash
ORD00700,2025-05-10,CUST1570,Customer_431,Delta,Tanta,Home,Chair,3,1732,4676.4,0.1,492.28,Online
ORD00701,2024-12-24,CUST6945,Customer_463,Cairo,Maadi,Fashion,Jacket,5,837,3766.5,0.1,978.3,Online
ORD00702,2025-04-14,CUST5186,Customer_155,Cairo,Maadi,Fashion,Watch,4,66,224.4,0.15,74.47,Cash
ORD00703,2025-01-27,CUST7656,Customer_405,Giza,Dokki,Fashion,Shoes,4,1343,4834.8,0.1,1546.49,Cash
ORD00704,2025-03-24,CUST2644,Customer_423,Delta,Tanta,Sports,Bike,4,1947,7009.2,0.1,1958.0,Cash
ORD00705,2024-08-20,CUST1448,Customer_391,Delta,Zagazig,Electronics,Headphones,4,1283,4105.6,0.2,1167.82,Cash
ORD00706,2024-06-09,CUST2347,Customer_57,Giza,Sheikh Zayed,Sports,Treadmill,1,870,826.5,0.05,212.47,Cash
ORD00707,2024-03-09,CUST5270,Customer_89,Giza,Sheikh Zayed,Fashion,Watch,3,974,2483.7,0.15,790.75,Online
ORD00708,2025-03-24,CUST7182,Customer_484,Alexandria,Gleem,Home,Microwave,1,898,808.2,0.1,117.57,Online
ORD00709,2025-03-12,CUST3764,Customer_26,Giza,6th October,Electronics,Laptop,1,997,947.15,0.05,156.7,Card
ORD00710,2024-03-01,CUST1231,Customer_368,Alexandria,Gleem,Home,Microwave,1,803,762.85,0.05,256.94,Online
ORD00711,2025-03-17,CUST5361,Customer_148,Upper Egypt,Sohag,Sports,Football,2,1511,2870.9,0.05,423.85,Online
ORD00712,2024-05-24,CUST4102,Customer_215,Upper Egypt,Sohag,Fashion,Watch,2,1278,2428.2,0.05,846.96,Cash
ORD00713,2024-05-07,CUST7056,Customer_299,Upper Egypt,Assiut,Electronics,Headphones,3,532,1276.8,0.2,271.63,Online
ORD00714,2024-07-22,CUST4476,Customer_366,Upper Egypt,Assiut,Electronics,Tablet,2,1834,3301.2,0.1,1134.29,Card
ORD00715,2025-04-21,CUST4847,Customer_242,Upper Egypt,Luxor,Home,Blender,1,1190,1190.0,0.0,134.5,Card
ORD00716,2025-05-15,CUST7466,Customer_344,Alexandria,Montaza,Electronics,Phone,3,1083,2599.2,0.2,507.45,Card
ORD00717,2024-06-22,CUST8669,Customer_68,Giza,Sheikh Zayed,Electronics,Laptop,3,397,952.8,0.2,212.67,Cash
ORD00718,2024-03-06,CUST9179,Customer_447,Delta,Zagazig,Sports,Treadmill,3,289,780.3,0.1,86.64,Card
ORD00719,2024-08-11,CUST3703,Customer_162,Delta,Mansoura,Home,Vacuum,5,1748,7866.0,0.1,1803.23,Online
ORD00720,2024-01-19,CUST8704,Customer_134,Upper Egypt,Assiut,Sports,Football,2,354,708.0,0.0,111.49,Cash
ORD00721,2024-10-14,CUST8949,Customer_235,Upper Egypt,Sohag,Electronics,Tablet,1,954,858.6,0.1,298.11,Card
ORD00722,2024-04-02,CUST3757,Customer_384,Cairo,Maadi,Fashion,Shirt,3,241,686.85,0.05,217.76,Online
ORD00723,2025-04-16,CUST2258,Customer_127,Delta,Zagazig,Fashion,Shirt,5,1620,6480.0,0.2,940.52,Card
ORD00724,2025-05-02,CUST2737,Customer_429,Cairo,Heliopolis,Electronics,Headphones,1,857,771.3,0.1,190.96,Card
ORD00725,2024-01-03,CUST6397,Customer_497,Giza,6th October,Electronics,Tablet,4,979,3524.4,0.1,875.99,Cash
ORD00726,2024-05-24,CUST6294,Customer_409,Alexandria,Gleem,Home,Microwave,2,1817,3634.0,0.0,1091.62,Cash
ORD00727,2025-01-29,CUST7535,Customer_46,Cairo,Maadi,Sports,Football,4,572,2173.6,0.05,347.82,Cash
ORD00728,2024-09-08,CUST8083,Customer_377,Giza,6th October,Sports,Bike,3,1375,3918.75,0.05,510.03,Card
ORD00729,2025-03-29,CUST7358,Customer_244,Alexandria,Smouha,Home,Blender,3,1099,3132.15,0.05,696.61,Card
ORD00730,2024-08-10,CUST7979,Customer_48,Alexandria,Montaza,Sports,Football,4,1710,6156.0,0.1,1560.34,Cash
ORD00731,2024-11-27,CUST9596,Customer_43,Alexandria,Gleem,Sports,Treadmill,2,1956,3325.2,0.15,770.85,Card
ORD00732,2024-06-02,CUST5073,Customer_268,Upper Egypt,Sohag,Electronics,Tablet,3,354,1008.9,0.05,273.49,Card
ORD00733,2024-07-30,CUST2548,Customer_238,Delta,Zagazig,Electronics,Phone,1,1101,1101.0,0.0,250.66,Online
ORD00734,2025-01-14,CUST8583,Customer_92,Alexandria,Gleem,Home,Vacuum,5,217,868.0,0.2,90.33,Cash
ORD00735,2025-01-22,CUST8371,Customer_320,Upper Egypt,Assiut,Electronics,Tablet,3,692,1660.8,0.2,466.72,Card
ORD00736,2024-12-10,CUST2742,Customer_223,Delta,Tanta,Fashion,Shoes,1,1579,1263.2,0.2,208.21,Online
ORD00737,2024-07-26,CUST8974,Customer_156,Cairo,Nasr City,Sports,Football,1,401,340.85,0.15,73.3,Online
ORD00738,2024-02-27,CUST1260,Customer_357,Alexandria,Gleem,Sports,Dumbbells,1,306,290.7,0.05,30.08,Cash
ORD00739,2024-06-03,CUST8592,Customer_76,Cairo,Nasr City,Sports,Treadmill,2,942,1507.2,0.2,222.66,Card
ORD00740,2024-08-29,CUST1321,Customer_441,Upper Egypt,Assiut,Electronics,Laptop,2,1563,2657.1,0.15,905.98,Card
ORD00741,2024-01-05,CUST2682,Customer_323,Alexandria,Smouha,Fashion,Jacket,5,1748,7429.0,0.15,837.48,Online
ORD00742,2024-10-29,CUST8993,Customer_119,Upper Egypt,Sohag,Sports,Dumbbells,1,1048,890.8,0.15,197.33,Online
ORD00743,2025-04-02,CUST7834,Customer_456,Cairo,Maadi,Electronics,Tablet,5,696,2784.0,0.2,322.6,Card
ORD00744,2024-04-08,CUST8688,Customer_177,Cairo,Heliopolis,Home,Chair,4,92,349.6,0.05,60.13,Card
ORD00745,2024-05-30,CUST7395,Customer_492,Giza,Sheikh Zayed,Fashion,Jacket,5,1797,7637.25,0.15,1014.15,Card
ORD00746,2024-03-07,CUST3839,Customer_103,Delta,Mansoura,Fashion,Shoes,3,1464,4392.0,0.0,1171.63,Cash
ORD00747,2024-01-25,CUST1297,Customer_184,Alexandria,Gleem,Electronics,Tablet,4,671,2549.8,0.05,388.48,Card
ORD00748,2024-02-28,CUST4714,Customer_62,Delta,Zagazig,Fashion,Shoes,5,115,575.0,0.0,106.05,Online
ORD00749,2024-10-12,CUST5382,Customer_459,Giza,Dokki,Home,Vacuum,3,1625,4875.0,0.0,1426.05,Cash
ORD00750,2025-01-21,CUST2817,Customer_500,Alexandria,Montaza,Electronics,Phone,4,1686,5732.4,0.15,1952.81,Cash
ORD00751,2025-03-21,CUST4365,Customer_467,Alexandria,Montaza,Electronics,Phone,5,265,1258.75,0.05,324.1,Card
ORD00752,2024-07-05,CUST6482,Customer_420,Giza,Sheikh Zayed,Home,Chair,5,1070,5350.0,0.0,741.37,Cash
ORD00753,2024-09-15,CUST3805,Customer_44,Cairo,Nasr City,Sports,Bike,1,552,469.2,0.15,86.96,Card
ORD00754,2024-04-26,CUST3260,Customer_411,Delta,Zagazig,Sports,Dumbbells,2,360,576.0,0.2,118.33,Card
ORD00755,2025-01-02,CUST9476,Customer_484,Upper Egypt,Sohag,Sports,Dumbbells,1,956,908.2,0.05,265.68,Cash
ORD00756,2024-01-19,CUST3473,Customer_463,Cairo,Heliopolis,Home,Chair,2,938,1876.0,0.0,372.04,Online
ORD00757,2025-01-04,CUST6139,Customer_466,Cairo,Maadi,Home,Chair,4,1864,5964.8,0.2,1899.11,Card
ORD00758,2024-11-15,CUST8244,Customer_358,Cairo,Heliopolis,Fashion,Watch,4,1368,5198.4,0.05,1673.34,Card
ORD00759,2025-01-03,CUST3064,Customer_267,Upper Egypt,Assiut,Home,Blender,1,1150,1035.0,0.1,204.41,Online
ORD00760,2025-03-31,CUST9846,Customer_304,Delta,Tanta,Electronics,Headphones,5,747,3548.25,0.05,375.6,Card
ORD00761,2024-09-16,CUST6807,Customer_64,Giza,Dokki,Sports,Football,1,1773,1595.7,0.1,263.19,Cash
ORD00762,2024-10-24,CUST9737,Customer_433,Cairo,Heliopolis,Home,Blender,4,744,2827.2,0.05,851.97,Online
ORD00763,2024-09-23,CUST5057,Customer_54,Giza,Dokki,Home,Vacuum,5,1427,6778.25,0.05,1888.34,Card
ORD00764,2025-02-28,CUST7751,Customer_42,Alexandria,Montaza,Fashion,Jacket,4,250,950.0,0.05,264.01,Cash
ORD00765,2024-09-26,CUST7598,Customer_302,Cairo,Heliopolis,Fashion,Watch,2,963,1926.0,0.0,370.42,Online
ORD00766,2024-08-01,CUST3668,Customer_74,Alexandria,Gleem,Home,Chair,4,951,3233.4,0.15,914.82,Online
ORD00767,2024-04-18,CUST8461,Customer_243,Giza,Dokki,Sports,Treadmill,5,1817,7268.0,0.2,941.31,Cash
ORD00768,2024-07-08,CUST5744,Customer_21,Giza,Sheikh Zayed,Home,Blender,5,1795,7628.75,0.15,973.31,Online
ORD00769,2025-02-09,CUST3340,Customer_73,Giza,6th October,Home,Vacuum,3,671,1811.7,0.1,401.26,Online
ORD00770,2024-10-07,CUST6712,Customer_35,Upper Egypt,Assiut,Home,Vacuum,2,424,720.8,0.15,72.46,Cash
ORD00771,2025-01-03,CUST3175,Customer_391,Upper Egypt,Sohag,Home,Chair,3,1650,4207.5,0.15,920.63,Cash
ORD00772,2024-11-15,CUST7711,Customer_199,Alexandria,Montaza,Sports,Bike,4,355,1278.0,0.1,156.34,Cash
ORD00773,2024-12-28,CUST1406,Customer_293,Upper Egypt,Sohag,Electronics,Tablet,3,1372,4116.0,0.0,1302.67,Online
ORD00774,2024-01-28,CUST9548,Customer_97,Delta,Zagazig,Electronics,Phone,2,1317,2107.2,0.2,514.61,Card
ORD00775,2024-12-27,CUST8278,Customer_44,Alexandria,Smouha,Electronics,Laptop,1,613,582.35,0.05,93.95,Online
ORD00776,2024-04-02,CUST7798,Customer_13,Alexandria,Gleem,Sports,Football,4,1815,7260.0,0.0,1343.02,Online
ORD00777,2024-03-14,CUST3992,Customer_131,Delta,Mansoura,Home,Blender,1,253,202.4,0.2,28.75,Cash
ORD00778,2024-12-31,CUST1958,Customer_153,Giza,Dokki,Sports,Treadmill,1,1308,1177.2,0.1,171.12,Card
ORD00779,2025-04-05,CUST2981,Customer_27,Cairo,Heliopolis,Fashion,Watch,3,578,1473.9,0.15,494.34,Cash
ORD00780,2024-02-28,CUST5412,Customer_32,Giza,Sheikh Zayed,Fashion,Watch,5,1590,6360.0,0.2,1248.23,Card
ORD00781,2025-04-12,CUST1305,Customer_138,Upper Egypt,Luxor,Sports,Football,4,109,370.6,0.15,95.76,Online
ORD00782,2024-07-27,CUST8306,Customer_43,Alexandria,Montaza,Electronics,Laptop,5,1384,6574.0,0.05,1158.03,Online
ORD00783,2024-08-04,CUST8401,Customer_22,Alexandria,Smouha,Fashion,Jacket,5,394,1871.5,0.05,438.65,Cash
ORD00784,2024-05-08,CUST7228,Customer_180,Upper Egypt,Luxor,Home,Microwave,1,173,147.05,0.15,24.75,Online
ORD00785,2024-06-02,CUST2469,Customer_203,Giza,Sheikh Zayed,Home,Blender,2,1563,2500.8,0.2,602.12,Online
ORD00786,2024-06-11,CUST6613,Customer_326,Cairo,Nasr City,Home,Chair,2,1300,2080.0,0.2,705.86,Card
ORD00787,2024-06-17,CUST1260,Customer_468,Upper Egypt,Sohag,Fashion,Jacket,3,481,1226.55,0.15,416.72,Online
ORD00788,2024-07-30,CUST9011,Customer_391,Giza,Sheikh Zayed,Electronics,Tablet,1,1896,1896.0,0.0,508.46,Card
ORD00789,2025-02-20,CUST7166,Customer_424,Alexandria,Smouha,Electronics,Phone,4,1426,5704.0,0.0,1073.77,Online
ORD00790,2024-08-15,CUST1153,Customer_114,Delta,Mansoura,Fashion,Shirt,1,997,897.3,0.1,299.75,Online
ORD00791,2025-02-17,CUST4623,Customer_120,Cairo,Heliopolis,Home,Microwave,1,1721,1376.8,0.2,352.89,Card
ORD00792,2025-02-24,CUST7489,Customer_57,Delta,Tanta,Home,Chair,5,478,2390.0,0.0,356.16,Card
ORD00793,2024-11-04,CUST3875,Customer_34,Alexandria,Montaza,Sports,Treadmill,5,446,1784.0,0.2,478.19,Online
ORD00794,2025-03-27,CUST9570,Customer_374,Giza,Sheikh Zayed,Electronics,Laptop,3,1961,4706.4,0.2,1477.2,Card
ORD00795,2024-08-06,CUST1849,Customer_438,Giza,Sheikh Zayed,Electronics,Headphones,5,1858,7896.5,0.15,793.51,Card
ORD00796,2025-01-23,CUST1712,Customer_453,Upper Egypt,Sohag,Home,Blender,5,1005,4271.25,0.15,813.11,Online
ORD00797,2024-04-09,CUST6483,Customer_42,Giza,6th October,Home,Chair,5,969,4360.5,0.1,441.67,Online
ORD00798,2024-06-17,CUST6092,Customer_33,Cairo,Maadi,Fashion,Watch,1,1928,1831.6,0.05,273.31,Online
ORD00799,2024-05-06,CUST2766,Customer_243,Cairo,Nasr City,Sports,Bike,1,1263,1136.7,0.1,352.52,Cash
ORD00800,2025-01-26,CUST2567,Customer_321,Delta,Tanta,Home,Microwave,1,1638,1310.4,0.2,334.01,Card
ORD00801,2024-12-21,CUST2065,Customer_401,Alexandria,Smouha,Electronics,Phone,1,822,739.8,0.1,238.6,Cash
ORD00802,2024-12-12,CUST1914,Customer_287,Cairo,Heliopolis,Electronics,Headphones,5,1332,5661.0,0.15,659.21,Cash
ORD00803,2024-11-02,CUST1173,Customer_233,Delta,Mansoura,Sports,Football,5,1590,6757.5,0.15,1069.56,Card
ORD00804,2024-04-08,CUST2769,Customer_53,Upper Egypt,Sohag,Electronics,Headphones,1,979,783.2,0.2,142.58,Cash
ORD00805,2024-08-03,CUST8887,Customer_372,Alexandria,Montaza,Electronics,Laptop,5,308,1232.0,0.2,202.14,Online
ORD00806,2024-08-11,CUST9407,Customer_492,Upper Egypt,Assiut,Fashion,Shoes,1,173,164.35,0.05,29.24,Online
ORD00807,2024-07-07,CUST1132,Customer_266,Delta,Mansoura,Fashion,Shoes,4,682,2182.4,0.2,405.33,Online
ORD00808,2024-11-23,CUST4297,Customer_403,Giza,6th October,Fashion,Shirt,4,754,2865.2,0.05,985.99,Cash
ORD00809,2024-10-16,CUST6499,Customer_316,Delta,Tanta,Sports,Bike,5,1468,6606.0,0.1,2067.69,Card
ORD00810,2025-04-16,CUST1060,Customer_328,Upper Egypt,Sohag,Fashion,Shirt,4,1844,7376.0,0.0,1652.1,Cash
ORD00811,2024-07-11,CUST4363,Customer_205,Giza,Dokki,Fashion,Shoes,4,1554,5594.4,0.1,1688.49,Cash
ORD00812,2024-05-28,CUST8215,Customer_100,Cairo,Heliopolis,Electronics,Phone,3,111,266.4,0.2,34.31,Online
ORD00813,2025-03-29,CUST5292,Customer_369,Alexandria,Gleem,Electronics,Phone,2,455,819.0,0.1,117.56,Cash
ORD00814,2025-04-11,CUST2657,Customer_11,Delta,Zagazig,Fashion,Shoes,2,94,178.6,0.05,55.49,Online
ORD00815,2025-02-18,CUST7100,Customer_339,Giza,Dokki,Electronics,Headphones,2,674,1145.8,0.15,183.37,Cash
ORD00816,2024-04-08,CUST9725,Customer_194,Alexandria,Montaza,Sports,Football,1,345,327.75,0.05,97.91,Online
ORD00817,2025-03-13,CUST9773,Customer_151,Delta,Mansoura,Sports,Treadmill,1,1612,1289.6,0.2,318.31,Cash
ORD00818,2025-03-29,CUST9011,Customer_108,Delta,Tanta,Electronics,Headphones,2,1793,2868.8,0.2,981.41,Online
ORD00819,2024-09-22,CUST8606,Customer_92,Cairo,Heliopolis,Electronics,Laptop,5,844,3376.0,0.2,653.48,Card
ORD00820,2025-04-16,CUST1599,Customer_107,Delta,Zagazig,Sports,Bike,4,599,1916.8,0.2,383.81,Cash
ORD00821,2024-10-19,CUST3575,Customer_479,Giza,Dokki,Fashion,Watch,2,676,1149.2,0.15,370.25,Card
ORD00822,2024-04-27,CUST1674,Customer_239,Delta,Zagazig,Electronics,Laptop,1,654,555.9,0.15,127.69,Online
ORD00823,2024-09-11,CUST6194,Customer_140,Alexandria,Gleem,Sports,Bike,4,935,3179.0,0.15,609.98,Card
ORD00824,2024-02-12,CUST5825,Customer_432,Cairo,Nasr City,Sports,Treadmill,3,1371,4113.0,0.0,780.54,Online
ORD00825,2024-01-20,CUST9946,Customer_103,Alexandria,Montaza,Electronics,Headphones,2,251,502.0,0.0,59.15,Card
ORD00826,2024-11-05,CUST3258,Customer_438,Giza,Sheikh Zayed,Home,Vacuum,3,1576,4255.2,0.1,628.33,Online
ORD00827,2024-07-25,CUST7647,Customer_421,Alexandria,Gleem,Electronics,Headphones,3,1734,4681.8,0.1,1384.79,Online
ORD00828,2024-09-21,CUST8679,Customer_370,Cairo,Heliopolis,Fashion,Watch,2,514,976.6,0.05,213.49,Card
ORD00829,2024-08-18,CUST1493,Customer_192,Delta,Tanta,Home,Microwave,4,1627,5531.8,0.15,843.03,Cash
ORD00830,2024-08-02,CUST7974,Customer_352,Alexandria,Smouha,Home,Blender,4,1709,6152.4,0.1,1137.92,Card
ORD00831,2024-03-19,CUST6410,Customer_291,Alexandria,Gleem,Home,Blender,5,1658,8290.0,0.0,2740.14,Online
ORD00832,2024-07-16,CUST4085,Customer_244,Alexandria,Montaza,Sports,Bike,2,1992,3386.4,0.15,392.58,Cash
ORD00833,2024-03-31,CUST1525,Customer_424,Delta,Zagazig,Sports,Dumbbells,1,401,401.0,0.0,107.76,Online
ORD00834,2024-04-29,CUST5769,Customer_338,Alexandria,Gleem,Electronics,Laptop,2,192,326.4,0.15,55.8,Online
ORD00835,2025-04-10,CUST7731,Customer_201,Cairo,Heliopolis,Electronics,Headphones,5,72,342.0,0.05,62.14,Cash
ORD00836,2024-04-15,CUST6075,Customer_222,Cairo,Nasr City,Sports,Bike,1,846,803.7,0.05,106.48,Online
ORD00837,2024-01-04,CUST3337,Customer_229,Upper Egypt,Assiut,Home,Microwave,5,1517,6447.25,0.15,1088.68,Cash
ORD00838,2024-10-21,CUST1640,Customer_378,Upper Egypt,Luxor,Fashion,Jacket,5,1850,7862.5,0.15,1690.84,Cash
ORD00839,2025-03-11,CUST3869,Customer_213,Delta,Zagazig,Sports,Dumbbells,3,850,2040.0,0.2,623.95,Cash
ORD00840,2024-02-18,CUST7447,Customer_358,Giza,Sheikh Zayed,Sports,Bike,4,1915,7277.0,0.05,1998.49,Cash
ORD00841,2024-07-29,CUST2986,Customer_189,Giza,6th October,Home,Vacuum,1,1479,1405.05,0.05,459.71,Cash
ORD00842,2024-01-23,CUST8572,Customer_14,Cairo,Maadi,Home,Chair,4,387,1393.2,0.1,211.55,Cash
ORD00843,2024-02-28,CUST3236,Customer_168,Upper Egypt,Sohag,Home,Chair,2,862,1724.0,0.0,177.03,Online
ORD00844,2024-08-12,CUST3297,Customer_242,Upper Egypt,Sohag,Sports,Football,1,1173,1114.35,0.05,310.23,Card
ORD00845,2024-07-19,CUST3759,Customer_40,Giza,6th October,Electronics,Phone,2,652,1304.0,0.0,304.7,Online
ORD00846,2024-01-18,CUST9721,Customer_111,Cairo,Maadi,Home,Microwave,4,783,2975.4,0.05,458.71,Card
ORD00847,2024-01-25,CUST7183,Customer_393,Cairo,Maadi,Electronics,Tablet,3,959,2877.0,0.0,717.96,Cash
ORD00848,2024-01-08,CUST6523,Customer_421,Giza,Dokki,Fashion,Shoes,1,82,69.7,0.15,7.46,Cash
ORD00849,2025-02-21,CUST6359,Customer_166,Cairo,Nasr City,Electronics,Laptop,2,140,238.0,0.15,54.29,Online
ORD00850,2024-07-01,CUST6298,Customer_89,Giza,Sheikh Zayed,Fashion,Watch,4,297,1128.6,0.05,173.18,Cash
ORD00851,2024-12-02,CUST5562,Customer_333,Upper Egypt,Luxor,Home,Blender,4,485,1649.0,0.15,255.63,Online
ORD00852,2024-02-22,CUST9784,Customer_406,Delta,Tanta,Electronics,Laptop,4,667,2134.4,0.2,480.01,Online
ORD00853,2024-11-21,CUST6209,Customer_436,Giza,Dokki,Electronics,Headphones,4,1438,5464.4,0.05,1000.05,Online
ORD00854,2024-09-18,CUST4808,Customer_258,Upper Egypt,Assiut,Home,Blender,5,1917,7668.0,0.2,1627.36,Online
ORD00855,2024-11-13,CUST2300,Customer_31,Cairo,Nasr City,Electronics,Phone,3,534,1361.7,0.15,393.96,Cash
ORD00856,2024-05-01,CUST8270,Customer_379,Delta,Mansoura,Home,Microwave,2,819,1556.1,0.05,405.38,Card
ORD00857,2024-05-27,CUST1388,Customer_118,Giza,Dokki,Home,Blender,5,1671,7101.75,0.15,1860.74,Online
ORD00858,2024-12-22,CUST4644,Customer_312,Delta,Mansoura,Fashion,Shoes,5,160,760.0,0.05,228.28,Card
ORD00859,2024-04-08,CUST1853,Customer_325,Alexandria,Gleem,Fashion,Watch,1,182,154.7,0.15,18.18,Cash
ORD00860,2024-02-10,CUST7983,Customer_372,Giza,6th October,Electronics,Laptop,5,1174,5576.5,0.05,887.1,Card
ORD00861,2024-05-26,CUST8344,Customer_496,Delta,Tanta,Fashion,Shoes,4,411,1315.2,0.2,213.38,Online
ORD00862,2024-08-13,CUST7925,Customer_259,Giza,Dokki,Sports,Football,3,865,2205.75,0.15,313.09,Online
ORD00863,2025-04-16,CUST5918,Customer_305,Upper Egypt,Assiut,Sports,Football,4,925,3700.0,0.0,1071.94,Online
ORD00864,2024-07-11,CUST8878,Customer_37,Giza,Sheikh Zayed,Fashion,Jacket,4,999,3596.4,0.1,767.47,Card
ORD00865,2025-03-17,CUST9203,Customer_374,Giza,Sheikh Zayed,Sports,Treadmill,2,1926,3659.4,0.05,369.76,Online
ORD00866,2024-06-06,CUST2167,Customer_210,Delta,Mansoura,Sports,Bike,4,1570,5652.0,0.1,1107.84,Cash
ORD00867,2024-09-07,CUST7032,Customer_357,Cairo,Heliopolis,Fashion,Shoes,4,572,2059.2,0.1,468.27,Cash
ORD00868,2024-12-12,CUST1462,Customer_358,Upper Egypt,Sohag,Fashion,Shoes,4,120,432.0,0.1,111.34,Online
ORD00869,2024-12-05,CUST3644,Customer_7,Giza,Dokki,Sports,Treadmill,3,556,1334.4,0.2,326.37,Cash
ORD00870,2024-04-06,CUST7929,Customer_85,Cairo,Maadi,Sports,Bike,5,1895,9475.0,0.0,2175.78,Card
ORD00871,2025-04-18,CUST2456,Customer_56,Delta,Zagazig,Home,Chair,5,680,2890.0,0.15,832.65,Online
ORD00872,2024-01-04,CUST3759,Customer_418,Alexandria,Gleem,Fashion,Jacket,2,1954,3321.8,0.15,912.67,Card
ORD00873,2024-03-28,CUST3890,Customer_192,Cairo,Nasr City,Electronics,Tablet,5,903,4063.5,0.1,1151.03,Cash
ORD00874,2025-02-20,CUST4482,Customer_96,Giza,6th October,Sports,Treadmill,5,1992,9960.0,0.0,2118.15,Cash
ORD00875,2025-04-12,CUST2789,Customer_445,Cairo,Maadi,Fashion,Shoes,3,1897,4837.35,0.15,1016.73,Online
ORD00876,2024-01-16,CUST4846,Customer_245,Giza,6th October,Home,Blender,4,305,1098.0,0.1,127.44,Card
ORD00877,2024-01-22,CUST2586,Customer_109,Cairo,Nasr City,Electronics,Headphones,1,1412,1129.6,0.2,335.83,Online
ORD00878,2024-06-21,CUST7074,Customer_350,Cairo,Heliopolis,Home,Chair,4,1600,5760.0,0.1,1446.3,Card
ORD00879,2025-03-23,CUST6410,Customer_413,Delta,Tanta,Home,Chair,4,1300,5200.0,0.0,1787.9,Cash
ORD00880,2024-05-23,CUST5072,Customer_189,Cairo,Heliopolis,Sports,Treadmill,1,1282,1282.0,0.0,406.72,Card
ORD00881,2024-07-03,CUST1749,Customer_497,Alexandria,Montaza,Sports,Bike,2,56,100.8,0.1,10.5,Online
ORD00882,2025-02-10,CUST2333,Customer_179,Delta,Zagazig,Sports,Treadmill,5,1042,4428.5,0.15,1261.24,Card
ORD00883,2025-03-21,CUST9520,Customer_449,Upper Egypt,Luxor,Electronics,Tablet,3,1293,3685.05,0.05,1024.39,Online
ORD00884,2024-08-27,CUST3753,Customer_459,Alexandria,Smouha,Fashion,Watch,1,667,533.6,0.2,185.06,Card
ORD00885,2025-01-01,CUST1478,Customer_83,Cairo,Heliopolis,Fashion,Shoes,2,399,798.0,0.0,100.84,Card
ORD00886,2025-04-17,CUST9757,Customer_325,Upper Egypt,Sohag,Fashion,Jacket,4,1998,7992.0,0.0,2128.82,Online
ORD00887,2024-06-24,CUST7176,Customer_467,Upper Egypt,Assiut,Home,Microwave,5,1619,6476.0,0.2,752.3,Online
ORD00888,2024-02-27,CUST2460,Customer_175,Upper Egypt,Luxor,Sports,Treadmill,2,580,1160.0,0.0,200.38,Online
ORD00889,2024-10-22,CUST1027,Customer_160,Alexandria,Smouha,Electronics,Headphones,2,1797,3234.6,0.1,1094.97,Cash
ORD00890,2025-04-23,CUST3069,Customer_267,Alexandria,Montaza,Fashion,Watch,4,704,2534.4,0.1,758.75,Online
ORD00891,2024-06-10,CUST3370,Customer_418,Alexandria,Montaza,Fashion,Shirt,4,68,217.6,0.2,68.13,Card
ORD00892,2025-03-10,CUST1562,Customer_307,Giza,Dokki,Sports,Treadmill,5,630,2992.5,0.05,858.14,Card
ORD00893,2024-12-26,CUST7171,Customer_31,Delta,Zagazig,Electronics,Headphones,5,1029,4887.75,0.05,1093.67,Card
ORD00894,2025-01-07,CUST7419,Customer_154,Giza,Sheikh Zayed,Fashion,Shoes,1,1940,1843.0,0.05,579.06,Online
ORD00895,2025-01-22,CUST7412,Customer_201,Giza,6th October,Sports,Dumbbells,4,1438,4889.2,0.15,1699.38,Cash
ORD00896,2024-03-08,CUST6298,Customer_386,Alexandria,Montaza,Home,Vacuum,2,1485,2376.0,0.2,471.5,Online
ORD00897,2024-09-04,CUST5769,Customer_460,Cairo,Maadi,Home,Chair,2,1232,2340.8,0.05,492.67,Cash
ORD00898,2025-02-06,CUST3418,Customer_193,Giza,6th October,Fashion,Shirt,3,1536,3686.4,0.2,462.6,Card
ORD00899,2024-09-20,CUST6545,Customer_304,Giza,6th October,Electronics,Headphones,4,417,1668.0,0.0,215.73,Card
ORD00900,2024-06-03,CUST3826,Customer_335,Giza,Sheikh Zayed,Sports,Treadmill,1,293,278.35,0.05,55.44,Online
ORD00901,2024-03-02,CUST2910,Customer_43,Upper Egypt,Luxor,Electronics,Tablet,4,613,2084.2,0.15,399.81,Cash
ORD00902,2024-12-21,CUST2549,Customer_407,Upper Egypt,Luxor,Fashion,Shirt,5,1223,4892.0,0.2,1075.63,Online
ORD00903,2024-02-02,CUST9806,Customer_95,Giza,Dokki,Sports,Bike,3,1220,3477.0,0.05,434.14,Card
ORD00904,2025-02-23,CUST3033,Customer_386,Cairo,Heliopolis,Sports,Football,5,1764,7056.0,0.2,1656.36,Cash
ORD00905,2024-03-06,CUST4378,Customer_335,Cairo,Nasr City,Fashion,Shirt,5,965,4342.5,0.1,567.83,Cash
ORD00906,2025-05-09,CUST9919,Customer_88,Cairo,Maadi,Home,Blender,1,305,244.0,0.2,42.61,Card
ORD00907,2024-08-15,CUST3291,Customer_296,Cairo,Nasr City,Home,Blender,5,1902,8559.0,0.1,2266.33,Card
ORD00908,2024-04-06,CUST3321,Customer_154,Delta,Zagazig,Home,Microwave,1,1407,1407.0,0.0,224.1,Cash
ORD00909,2024-10-08,CUST5177,Customer_134,Giza,Sheikh Zayed,Fashion,Jacket,3,313,751.2,0.2,154.37,Card
ORD00910,2024-03-14,CUST9780,Customer_105,Giza,Dokki,Sports,Football,3,1435,3659.25,0.15,1226.03,Cash
ORD00911,2024-08-02,CUST3514,Customer_162,Delta,Zagazig,Fashion,Jacket,5,1396,5584.0,0.2,1402.9,Card
ORD00912,2024-10-07,CUST7664,Customer_34,Upper Egypt,Assiut,Fashion,Shirt,3,305,732.0,0.2,93.33,Card
ORD00913,2024-02-20,CUST7179,Customer_497,Cairo,Heliopolis,Home,Vacuum,2,1829,3475.1,0.05,585.25,Cash
ORD00914,2025-02-17,CUST9021,Customer_49,Upper Egypt,Assiut,Electronics,Laptop,5,1541,6934.5,0.1,1714.26,Online
ORD00915,2025-04-29,CUST7382,Customer_93,Delta,Zagazig,Home,Vacuum,5,252,1260.0,0.0,179.79,Card
ORD00916,2024-09-19,CUST3547,Customer_337,Alexandria,Montaza,Sports,Bike,5,311,1399.5,0.1,143.27,Cash
ORD00917,2024-08-02,CUST8500,Customer_94,Giza,Dokki,Home,Blender,3,1498,4269.3,0.05,1150.81,Card
ORD00918,2025-03-15,CUST2424,Customer_486,Delta,Mansoura,Home,Vacuum,4,1116,4240.8,0.05,747.64,Card
ORD00919,2024-03-25,CUST1940,Customer_44,Upper Egypt,Sohag,Electronics,Phone,1,1544,1466.8,0.05,493.16,Online
ORD00920,2024-03-10,CUST8858,Customer_255,Delta,Zagazig,Sports,Football,4,1436,4595.2,0.2,1530.71,Online
ORD00921,2025-01-16,CUST1119,Customer_366,Alexandria,Montaza,Electronics,Tablet,1,1312,1246.4,0.05,408.47,Card
ORD00922,2024-08-17,CUST3761,Customer_346,Alexandria,Montaza,Home,Microwave,5,1450,5800.0,0.2,641.42,Online
ORD00923,2024-08-04,CUST9118,Customer_195,Giza,6th October,Electronics,Headphones,2,1102,1983.6,0.1,670.7,Cash
ORD00924,2024-09-04,CUST5809,Customer_136,Delta,Tanta,Home,Microwave,5,1792,8960.0,0.0,1545.75,Cash
ORD00925,2024-01-19,CUST8586,Customer_457,Cairo,Maadi,Sports,Treadmill,3,1952,4684.8,0.2,1435.57,Online
ORD00926,2024-02-24,CUST1084,Customer_180,Upper Egypt,Assiut,Home,Blender,5,992,4464.0,0.1,779.36,Online
ORD00927,2024-09-27,CUST9426,Customer_461,Giza,Dokki,Home,Blender,1,932,792.2,0.15,118.34,Cash
ORD00928,2024-07-21,CUST7132,Customer_154,Upper Egypt,Assiut,Sports,Football,2,1625,2925.0,0.1,457.83,Card
ORD00929,2024-06-30,CUST8110,Customer_3,Upper Egypt,Assiut,Home,Blender,4,1394,4739.6,0.15,665.72,Card
ORD00930,2024-06-18,CUST1517,Customer_83,Giza,6th October,Fashion,Jacket,1,323,274.55,0.15,56.36,Online
ORD00931,2024-12-15,CUST3087,Customer_167,Giza,Dokki,Home,Blender,4,1051,3363.2,0.2,752.99,Card
ORD00932,2024-06-25,CUST9192,Customer_7,Alexandria,Montaza,Sports,Treadmill,1,270,270.0,0.0,35.51,Online
ORD00933,2024-05-28,CUST5623,Customer_249,Giza,6th October,Home,Chair,5,1560,7800.0,0.0,1626.94,Cash
ORD00934,2024-12-24,CUST5052,Customer_342,Upper Egypt,Assiut,Fashion,Shoes,2,625,1250.0,0.0,395.05,Card
ORD00935,2024-03-17,CUST4758,Customer_62,Giza,Dokki,Electronics,Laptop,2,1800,2880.0,0.2,740.81,Cash
ORD00936,2024-02-16,CUST1834,Customer_195,Upper Egypt,Assiut,Home,Microwave,2,923,1846.0,0.0,469.1,Card
ORD00937,2024-08-06,CUST1846,Customer_156,Alexandria,Gleem,Fashion,Shoes,3,922,2351.1,0.15,271.17,Cash
ORD00938,2024-04-03,CUST1669,Customer_1,Delta,Mansoura,Home,Vacuum,4,555,1998.0,0.1,646.91,Cash
ORD00939,2024-04-04,CUST5133,Customer_486,Delta,Tanta,Home,Chair,3,1910,4584.0,0.2,573.87,Card
ORD00940,2025-01-29,CUST3134,Customer_170,Delta,Mansoura,Home,Blender,1,1420,1420.0,0.0,384.45,Card
ORD00941,2025-03-30,CUST2742,Customer_67,Delta,Zagazig,Home,Microwave,3,480,1152.0,0.2,225.81,Online
ORD00942,2024-02-08,CUST9955,Customer_317,Alexandria,Smouha,Electronics,Laptop,2,1493,2538.1,0.15,841.06,Card
ORD00943,2024-04-08,CUST7851,Customer_282,Delta,Zagazig,Sports,Treadmill,5,1526,7248.5,0.05,804.24,Online
ORD00944,2024-02-04,CUST8910,Customer_215,Delta,Zagazig,Home,Vacuum,4,1339,5356.0,0.0,1755.23,Online
ORD00945,2024-02-01,CUST4116,Customer_380,Alexandria,Smouha,Fashion,Jacket,2,643,1286.0,0.0,435.89,Card
ORD00946,2025-02-03,CUST7393,Customer_206,Upper Egypt,Luxor,Electronics,Laptop,4,1587,5078.4,0.2,995.56,Online
ORD00947,2024-01-05,CUST9401,Customer_234,Delta,Tanta,Fashion,Shirt,2,1221,2319.9,0.05,575.4,Online
ORD00948,2024-03-28,CUST4668,Customer_24,Alexandria,Gleem,Home,Microwave,3,1500,4050.0,0.1,964.05,Online
ORD00949,2025-02-08,CUST1844,Customer_329,Giza,Dokki,Electronics,Laptop,3,1949,5554.65,0.05,931.01,Cash
ORD00950,2024-06-15,CUST2363,Customer_485,Giza,Sheikh Zayed,Electronics,Phone,3,1345,3228.0,0.2,1107.38,Online
ORD00951,2024-11-16,CUST1170,Customer_422,Alexandria,Gleem,Fashion,Watch,5,653,2938.5,0.1,1017.65,Card
ORD00952,2025-03-20,CUST2743,Customer_370,Giza,Sheikh Zayed,Home,Microwave,3,82,196.8,0.2,52.02,Online
ORD00953,2024-10-24,CUST7479,Customer_80,Upper Egypt,Luxor,Home,Microwave,4,501,1803.6,0.1,301.56,Card
ORD00954,2024-04-02,CUST8526,Customer_95,Giza,Sheikh Zayed,Sports,Dumbbells,2,1897,3224.9,0.15,398.03,Cash
ORD00955,2024-03-31,CUST7458,Customer_352,Giza,Sheikh Zayed,Sports,Treadmill,3,93,251.1,0.1,35.34,Online
ORD00956,2025-05-11,CUST7594,Customer_52,Giza,6th October,Fashion,Shirt,4,552,1876.8,0.15,614.24,Online
ORD00957,2024-01-07,CUST1716,Customer_68,Alexandria,Smouha,Electronics,Phone,4,836,3344.0,0.0,426.39,Cash
ORD00958,2025-02-22,CUST6544,Customer_437,Cairo,Heliopolis,Fashion,Shirt,1,1671,1671.0,0.0,393.68,Online
ORD00959,2024-06-06,CUST6435,Customer_246,Cairo,Nasr City,Fashion,Watch,5,1877,7977.25,0.15,2424.02,Cash
ORD00960,2024-05-31,CUST2680,Customer_262,Giza,6th October,Home,Blender,1,1739,1739.0,0.0,218.6,Card
ORD00961,2024-12-01,CUST5699,Customer_116,Giza,6th October,Fashion,Shirt,2,924,1570.8,0.15,214.95,Online
ORD00962,2025-05-04,CUST5617,Customer_183,Upper Egypt,Luxor,Electronics,Tablet,2,275,522.5,0.05,65.54,Cash
ORD00963,2024-04-01,CUST8022,Customer_272,Alexandria,Gleem,Electronics,Headphones,1,1884,1884.0,0.0,473.12,Card
ORD00964,2024-02-23,CUST5441,Customer_470,Alexandria,Smouha,Sports,Treadmill,3,1329,3588.3,0.1,671.36,Card
ORD00965,2024-07-18,CUST8318,Customer_370,Delta,Mansoura,Electronics,Phone,2,1642,3119.8,0.05,561.76,Card
ORD00966,2024-04-03,CUST7308,Customer_181,Cairo,Nasr City,Sports,Dumbbells,2,235,423.0,0.1,147.5,Card
ORD00967,2025-04-28,CUST5028,Customer_197,Upper Egypt,Sohag,Sports,Bike,5,1675,7537.5,0.1,1014.21,Card
ORD00968,2024-09-26,CUST4593,Customer_360,Alexandria,Gleem,Sports,Treadmill,4,221,707.2,0.2,197.12,Cash
ORD00969,2024-03-09,CUST2804,Customer_31,Giza,Dokki,Electronics,Laptop,1,792,633.6,0.2,138.43,Card
ORD00970,2025-04-12,CUST7898,Customer_125,Delta,Tanta,Home,Chair,2,1760,2816.0,0.2,965.76,Cash
ORD00971,2024-08-05,CUST7089,Customer_28,Giza,6th October,Fashion,Shirt,2,823,1646.0,0.0,451.05,Online
ORD00972,2024-07-06,CUST3314,Customer_41,Cairo,Maadi,Electronics,Tablet,5,1832,8702.0,0.05,935.87,Cash
ORD00973,2024-12-23,CUST5907,Customer_241,Cairo,Nasr City,Sports,Treadmill,2,1012,1922.8,0.05,551.9,Card
ORD00974,2024-01-17,CUST3843,Customer_258,Delta,Mansoura,Electronics,Headphones,1,369,369.0,0.0,118.19,Cash
ORD00975,2024-09-13,CUST6014,Customer_364,Cairo,Heliopolis,Sports,Bike,5,1506,6777.0,0.1,2234.97,Cash
ORD00976,2024-07-24,CUST1917,Customer_113,Upper Egypt,Assiut,Home,Blender,5,823,3909.25,0.05,1117.2,Card
ORD00977,2024-03-25,CUST1895,Customer_412,Giza,Sheikh Zayed,Electronics,Tablet,4,691,2349.4,0.15,720.83,Card
ORD00978,2025-03-09,CUST6496,Customer_15,Upper Egypt,Assiut,Home,Blender,1,209,188.1,0.1,47.18,Cash
ORD00979,2024-06-07,CUST4075,Customer_283,Delta,Tanta,Electronics,Phone,2,1272,2544.0,0.0,735.55,Cash
ORD00980,2025-02-08,CUST8926,Customer_24,Cairo,Nasr City,Home,Blender,5,1206,6030.0,0.0,1452.84,Cash
ORD00981,2024-09-13,CUST4192,Customer_162,Delta,Tanta,Home,Blender,3,1589,4290.3,0.1,1457.35,Card
ORD00982,2025-02-17,CUST3460,Customer_13,Delta,Tanta,Electronics,Headphones,4,1886,6035.2,0.2,755.91,Online
ORD00983,2024-11-16,CUST2528,Customer_488,Upper Egypt,Sohag,Electronics,Headphones,2,360,612.0,0.15,73.25,Online
ORD00984,2025-04-21,CUST6593,Customer_230,Giza,6th October,Fashion,Shoes,5,1107,4428.0,0.2,1163.89,Cash
ORD00985,2024-11-08,CUST2228,Customer_491,Delta,Mansoura,Home,Chair,1,1874,1592.9,0.15,254.51,Cash
ORD00986,2025-05-11,CUST2428,Customer_256,Alexandria,Montaza,Sports,Football,1,342,307.8,0.1,72.88,Cash
ORD00987,2024-06-29,CUST2461,Customer_37,Upper Egypt,Sohag,Fashion,Jacket,2,189,340.2,0.1,83.05,Cash
ORD00988,2025-05-12,CUST8999,Customer_21,Upper Egypt,Sohag,Sports,Dumbbells,4,1381,5247.8,0.05,1757.79,Card
ORD00989,2025-05-02,CUST6138,Customer_192,Delta,Mansoura,Sports,Treadmill,4,801,2563.2,0.2,797.69,Cash
ORD00990,2024-05-05,CUST1130,Customer_80,Upper Egypt,Luxor,Sports,Dumbbells,1,1321,1321.0,0.0,376.83,Cash
ORD00991,2024-12-08,CUST2531,Customer_179,Delta,Mansoura,Fashion,Watch,1,506,430.1,0.15,137.0,Card
ORD00992,2025-04-17,CUST7503,Customer_394,Upper Egypt,Luxor,Sports,Football,1,419,419.0,0.0,138.0,Card
ORD00993,2024-12-25,CUST8802,Customer_59,Giza,Dokki,Home,Blender,3,751,1802.4,0.2,399.36,Card
ORD00994,2024-01-17,CUST7230,Customer_32,Upper Egypt,Assiut,Fashion,Watch,2,1361,2585.9,0.05,465.58,Card
ORD00995,2024-12-16,CUST7929,Customer_139,Upper Egypt,Sohag,Fashion,Shirt,2,1827,3654.0,0.0,1235.64,Card
ORD00996,2024-12-30,CUST8396,Customer_447,Giza,6th October,Fashion,Shirt,3,879,2637.0,0.0,460.38,Card
ORD00997,2025-01-20,CUST5864,Customer_85,Alexandria,Smouha,Home,Microwave,1,239,203.15,0.15,37.69,Cash
ORD00998,2024-08-11,CUST6811,Customer_468,Delta,Mansoura,Sports,Bike,5,1460,6935.0,0.05,2367.59,Online
ORD00999,2024-06-14,CUST6185,Customer_8,Alexandria,Gleem,Electronics,Laptop,1,1530,1224.0,0.2,311.05,Cash
ORD01000,2025-01-04,CUST1060,Customer_231,Upper Egypt,Assiut,Sports,Dumbbells,1,1672,1421.2,0.15,235.49,Cash
ORD01001,2024-10-06,CUST3721,Customer_308,Upper Egypt,Luxor,Electronics,Phone,2,1577,2996.3,0.05,614.37,Card
ORD01002,2024-01-09,CUST5947,Customer_460,Giza,Dokki,Fashion,Shoes,5,79,355.5,0.1,107.87,Card
ORD01003,2024-10-04,CUST7977,Customer_268,Alexandria,Smouha,Sports,Bike,4,890,3204.0,0.1,602.52,Card
ORD01004,2024-10-04,CUST8141,Customer_196,Cairo,Nasr City,Sports,Bike,3,412,988.8,0.2,245.94,Card
ORD01005,2024-01-09,CUST7738,Customer_54,Upper Egypt,Luxor,Home,Blender,1,1700,1700.0,0.0,208.1,Card
ORD01006,2025-03-12,CUST7891,Customer_109,Alexandria,Montaza,Electronics,Tablet,5,1240,6200.0,0.0,1654.95,Cash
ORD01007,2024-06-28,CUST8601,Customer_212,Upper Egypt,Luxor,Sports,Football,2,1803,3065.1,0.15,1034.89,Online
ORD01008,2024-05-15,CUST6036,Customer_430,Upper Egypt,Assiut,Home,Microwave,5,630,2835.0,0.1,906.92,Card
ORD01009,2025-03-06,CUST9502,Customer_420,Giza,6th October,Sports,Football,1,103,97.85,0.05,29.12,Online
ORD01010,2024-07-19,CUST4156,Customer_316,Alexandria,Gleem,Home,Microwave,5,930,4417.5,0.05,1055.49,Online
ORD01011,2024-06-11,CUST9475,Customer_82,Upper Egypt,Assiut,Sports,Treadmill,4,1541,5855.8,0.05,1175.73,Card
ORD01012,2024-11-17,CUST5263,Customer_429,Giza,6th October,Fashion,Shirt,5,1656,7038.0,0.15,2187.11,Online
ORD01013,2025-01-29,CUST3507,Customer_15,Giza,Dokki,Fashion,Shirt,1,102,86.7,0.15,8.92,Online
ORD01014,2024-11-30,CUST4633,Customer_153,Alexandria,Smouha,Sports,Football,2,979,1762.2,0.1,258.41,Cash
ORD01015,2024-11-17,CUST1379,Customer_327,Alexandria,Smouha,Sports,Dumbbells,1,613,613.0,0.0,204.59,Online
ORD01016,2024-04-02,CUST2520,Customer_40,Cairo,Nasr City,Sports,Football,1,340,306.0,0.1,50.64,Card
ORD01017,2024-09-06,CUST2250,Customer_108,Delta,Tanta,Sports,Football,4,1679,6716.0,0.0,1366.28,Online
ORD01018,2024-04-01,CUST1515,Customer_61,Upper Egypt,Sohag,Home,Chair,2,418,752.4,0.1,77.15,Card
ORD01019,2024-04-08,CUST1484,Customer_275,Delta,Mansoura,Electronics,Laptop,5,1568,7056.0,0.1,2340.09,Cash
ORD01020,2024-03-11,CUST4600,Customer_43,Alexandria,Montaza,Fashion,Shoes,3,285,812.25,0.05,87.21,Online
ORD01021,2024-11-29,CUST5822,Customer_240,Giza,Dokki,Home,Chair,2,238,428.4,0.1,118.68,Online
ORD01022,2025-03-30,CUST5605,Customer_493,Upper Egypt,Sohag,Sports,Treadmill,3,404,1151.4,0.05,312.91,Card
ORD01023,2024-08-16,CUST7942,Customer_306,Cairo,Maadi,Home,Microwave,2,1528,2597.6,0.15,541.26,Online
ORD01024,2025-04-04,CUST2052,Customer_231,Delta,Mansoura,Electronics,Tablet,4,459,1468.8,0.2,276.47,Cash
ORD01025,2024-01-16,CUST2878,Customer_93,Cairo,Maadi,Home,Chair,3,1286,3086.4,0.2,580.44,Card
ORD01026,2025-02-03,CUST6151,Customer_63,Upper Egypt,Assiut,Home,Microwave,1,490,441.0,0.1,85.11,Cash
ORD01027,2025-04-05,CUST4811,Customer_288,Delta,Zagazig,Electronics,Headphones,2,1003,1604.8,0.2,479.53,Cash
ORD01028,2025-04-29,CUST2225,Customer_294,Upper Egypt,Sohag,Fashion,Shoes,1,1198,1078.2,0.1,300.89,Online
ORD01029,2024-09-09,CUST9169,Customer_24,Upper Egypt,Luxor,Sports,Dumbbells,3,455,1296.75,0.05,145.77,Card
ORD01030,2024-05-01,CUST1348,Customer_146,Upper Egypt,Assiut,Electronics,Tablet,2,1281,2305.8,0.1,571.36,Cash
ORD01031,2024-09-30,CUST9642,Customer_21,Alexandria,Smouha,Sports,Dumbbells,2,1773,3014.1,0.15,329.3,Card
ORD01032,2025-01-20,CUST6665,Customer_205,Cairo,Nasr City,Sports,Football,4,1531,5511.6,0.1,929.63,Cash
ORD01033,2024-11-24,CUST2989,Customer_432,Alexandria,Gleem,Sports,Football,4,661,2247.4,0.15,501.92,Card
ORD01034,2024-06-14,CUST8138,Customer_116,Alexandria,Smouha,Electronics,Laptop,1,1740,1740.0,0.0,234.35,Cash
ORD01035,2025-04-29,CUST5985,Customer_39,Cairo,Nasr City,Home,Blender,1,581,581.0,0.0,74.19,Card
ORD01036,2024-03-02,CUST3069,Customer_164,Delta,Zagazig,Sports,Dumbbells,2,1944,3693.6,0.05,908.12,Cash
ORD01037,2024-12-04,CUST9029,Customer_500,Alexandria,Gleem,Sports,Football,5,1130,5367.5,0.05,1312.2,Card
ORD01038,2024-06-29,CUST4971,Customer_338,Delta,Zagazig,Sports,Treadmill,1,590,531.0,0.1,147.54,Online
ORD01039,2024-04-20,CUST8670,Customer_420,Giza,Sheikh Zayed,Electronics,Phone,4,173,657.4,0.05,67.9,Card
ORD01040,2024-09-20,CUST6134,Customer_390,Giza,Dokki,Electronics,Headphones,2,1717,2747.2,0.2,797.79,Card
ORD01041,2024-08-19,CUST9412,Customer_104,Upper Egypt,Luxor,Fashion,Shirt,2,498,896.4,0.1,176.05,Card
ORD01042,2024-10-22,CUST2672,Customer_76,Giza,6th October,Home,Chair,2,1455,2619.0,0.1,884.89,Card
ORD01043,2024-01-15,CUST8802,Customer_339,Cairo,Maadi,Electronics,Laptop,1,1881,1598.85,0.15,234.64,Online
ORD01044,2024-03-18,CUST7503,Customer_258,Upper Egypt,Sohag,Home,Blender,5,222,999.0,0.1,207.66,Card
ORD01045,2024-07-14,CUST7923,Customer_100,Alexandria,Gleem,Electronics,Tablet,3,807,2421.0,0.0,271.84,Card
ORD01046,2024-02-25,CUST1817,Customer_331,Giza,Dokki,Fashion,Jacket,5,1294,5499.5,0.15,1262.99,Cash
ORD01047,2024-09-29,CUST2655,Customer_142,Cairo,Nasr City,Electronics,Phone,1,1228,1105.2,0.1,176.49,Cash
ORD01048,2025-03-26,CUST5395,Customer_254,Alexandria,Montaza,Sports,Bike,4,257,976.6,0.05,276.85,Cash
ORD01049,2024-09-14,CUST8811,Customer_379,Giza,6th October,Home,Vacuum,5,639,3195.0,0.0,394.78,Card
ORD01050,2024-03-13,CUST1208,Customer_342,Giza,6th October,Home,Blender,2,433,779.4,0.1,253.28,Card
ORD01051,2025-01-24,CUST1159,Customer_305,Upper Egypt,Sohag,Electronics,Laptop,3,1854,5562.0,0.0,793.59,Card
ORD01052,2024-01-09,CUST5762,Customer_428,Upper Egypt,Luxor,Electronics,Tablet,2,1017,2034.0,0.0,226.37,Cash
ORD01053,2024-06-20,CUST8415,Customer_252,Alexandria,Montaza,Fashion,Shoes,1,254,228.6,0.1,68.8,Online
ORD01054,2024-06-29,CUST5933,Customer_364,Delta,Zagazig,Home,Chair,3,796,2029.8,0.15,209.86,Card
ORD01055,2024-01-11,CUST3423,Customer_211,Alexandria,Montaza,Sports,Football,3,1454,3489.6,0.2,984.26,Cash
ORD01056,2025-01-16,CUST2462,Customer_100,Giza,Dokki,Sports,Football,2,1232,2094.4,0.15,397.63,Card
ORD01057,2024-07-19,CUST7836,Customer_484,Cairo,Heliopolis,Sports,Treadmill,3,1914,5167.8,0.1,1664.03,Card
ORD01058,2024-10-17,CUST6685,Customer_148,Delta,Tanta,Electronics,Headphones,5,301,1279.25,0.15,382.28,Cash
ORD01059,2024-12-06,CUST3664,Customer_156,Cairo,Heliopolis,Fashion,Watch,2,1121,2017.8,0.1,516.45,Card
ORD01060,2024-10-30,CUST3022,Customer_28,Delta,Tanta,Home,Blender,4,133,505.4,0.05,86.3,Card
ORD01061,2025-03-25,CUST5641,Customer_403,Delta,Tanta,Sports,Dumbbells,1,152,136.8,0.1,18.39,Online
ORD01062,2025-04-15,CUST2322,Customer_149,Alexandria,Smouha,Electronics,Headphones,2,1551,2946.9,0.05,612.99,Cash
ORD01063,2024-02-20,CUST5280,Customer_472,Cairo,Heliopolis,Home,Microwave,4,915,3111.0,0.15,1063.11,Card
ORD01064,2025-01-28,CUST4268,Customer_129,Alexandria,Gleem,Fashion,Watch,3,1697,4072.8,0.2,548.99,Cash
ORD01065,2024-11-17,CUST8555,Customer_280,Upper Egypt,Luxor,Fashion,Jacket,3,225,607.5,0.1,146.81,Cash
ORD01066,2024-12-16,CUST6858,Customer_240,Upper Egypt,Sohag,Electronics,Laptop,5,955,4297.5,0.1,971.04,Card
ORD01067,2025-01-27,CUST7896,Customer_46,Upper Egypt,Sohag,Sports,Bike,4,106,339.2,0.2,36.16,Cash
ORD01068,2025-03-25,CUST5806,Customer_28,Alexandria,Gleem,Fashion,Jacket,2,1321,2113.6,0.2,686.87,Card
ORD01069,2024-05-18,CUST2753,Customer_171,Giza,Dokki,Electronics,Tablet,5,992,4960.0,0.0,600.98,Online
ORD01070,2025-01-13,CUST1868,Customer_360,Cairo,Heliopolis,Sports,Dumbbells,1,298,238.4,0.2,64.04,Cash
ORD01071,2024-06-08,CUST1105,Customer_413,Alexandria,Smouha,Sports,Treadmill,2,1883,3577.7,0.05,626.9,Card
ORD01072,2024-03-02,CUST9516,Customer_50,Alexandria,Montaza,Fashion,Shirt,1,50,47.5,0.05,11.92,Cash
ORD01073,2024-03-03,CUST5913,Customer_208,Giza,6th October,Sports,Football,5,958,4071.5,0.15,463.8,Card
ORD01074,2024-01-12,CUST4027,Customer_73,Giza,6th October,Home,Chair,5,302,1283.5,0.15,175.28,Online
ORD01075,2025-05-06,CUST9076,Customer_189,Giza,6th October,Fashion,Watch,4,643,2314.8,0.1,617.78,Online
ORD01076,2024-05-25,CUST8488,Customer_62,Delta,Mansoura,Sports,Football,4,903,3070.2,0.15,420.75,Online
ORD01077,2024-06-30,CUST3282,Customer_240,Upper Egypt,Assiut,Home,Blender,5,960,4800.0,0.0,1569.73,Online
ORD01078,2025-04-07,CUST9602,Customer_200,Upper Egypt,Sohag,Electronics,Laptop,3,1075,2580.0,0.2,393.95,Online
ORD01079,2025-02-06,CUST3294,Customer_143,Cairo,Nasr City,Fashion,Jacket,5,744,3162.0,0.15,881.55,Online
ORD01080,2024-10-21,CUST9306,Customer_398,Delta,Mansoura,Electronics,Tablet,4,1016,3251.2,0.2,860.73,Online
ORD01081,2025-02-28,CUST7615,Customer_35,Alexandria,Gleem,Fashion,Jacket,5,1239,5575.5,0.1,1372.26,Cash
ORD01082,2024-12-13,CUST8805,Customer_166,Cairo,Maadi,Fashion,Shoes,1,1412,1412.0,0.0,317.5,Cash
ORD01083,2024-05-08,CUST2875,Customer_20,Giza,6th October,Fashion,Watch,4,1939,7756.0,0.0,895.68,Online
ORD01084,2024-07-12,CUST3182,Customer_327,Cairo,Heliopolis,Home,Blender,2,707,1414.0,0.0,388.4,Online
ORD01085,2025-01-14,CUST3655,Customer_223,Alexandria,Smouha,Fashion,Jacket,4,946,3405.6,0.1,532.55,Online
ORD01086,2024-07-03,CUST7685,Customer_291,Giza,6th October,Electronics,Phone,2,118,224.2,0.05,72.49,Online
ORD01087,2024-08-30,CUST9205,Customer_181,Cairo,Heliopolis,Fashion,Watch,2,1754,3332.6,0.05,808.46,Card
ORD01088,2024-10-18,CUST2280,Customer_66,Alexandria,Montaza,Fashion,Shirt,4,925,3145.0,0.15,1001.66,Online
ORD01089,2024-01-12,CUST4670,Customer_421,Delta,Tanta,Electronics,Tablet,2,155,248.0,0.2,58.31,Card
ORD01090,2024-05-03,CUST9482,Customer_478,Delta,Mansoura,Home,Blender,2,639,1278.0,0.0,298.55,Online
ORD01091,2025-04-24,CUST5309,Customer_335,Alexandria,Gleem,Sports,Football,5,1478,7390.0,0.0,1815.67,Cash
ORD01092,2024-10-07,CUST6400,Customer_474,Cairo,Heliopolis,Sports,Dumbbells,2,735,1470.0,0.0,198.19,Online
ORD01093,2025-01-26,CUST1579,Customer_178,Cairo,Nasr City,Sports,Football,5,1902,7608.0,0.2,2098.08,Cash
ORD01094,2024-09-11,CUST9316,Customer_116,Upper Egypt,Luxor,Electronics,Tablet,2,604,1208.0,0.0,152.23,Online
ORD01095,2025-02-04,CUST4214,Customer_274,Delta,Mansoura,Sports,Dumbbells,2,93,186.0,0.0,19.83,Online
ORD01096,2024-08-08,CUST7993,Customer_282,Upper Egypt,Luxor,Electronics,Tablet,1,842,715.7,0.15,196.0,Cash
ORD01097,2024-01-30,CUST4902,Customer_119,Cairo,Heliopolis,Electronics,Headphones,3,446,1204.2,0.1,251.84,Cash
ORD01098,2024-01-08,CUST5094,Customer_417,Alexandria,Smouha,Fashion,Watch,5,1213,6065.0,0.0,2109.01,Cash
ORD01099,2024-11-04,CUST5001,Customer_150,Cairo,Nasr City,Fashion,Watch,2,628,1256.0,0.0,224.24,Cash
ORD01100,2024-04-15,CUST9108,Customer_362,Alexandria,Gleem,Sports,Football,1,206,185.4,0.1,62.03,Online
ORD01101,2024-11-30,CUST5001,Customer_270,Delta,Tanta,Sports,Dumbbells,3,1647,3952.8,0.2,684.51,Card
ORD01102,2024-11-14,CUST8966,Customer_144,Delta,Zagazig,Electronics,Phone,3,1894,4829.7,0.15,1334.81,Cash
ORD01103,2025-02-21,CUST3325,Customer_19,Giza,6th October,Fashion,Jacket,5,481,2405.0,0.0,464.4,Cash
ORD01104,2024-10-28,CUST7294,Customer_154,Upper Egypt,Luxor,Sports,Football,1,1071,1071.0,0.0,179.47,Cash
ORD01105,2024-01-23,CUST4677,Customer_106,Cairo,Heliopolis,Sports,Bike,1,1816,1543.6,0.15,302.8,Card
ORD01106,2025-04-24,CUST1425,Customer_466,Giza,Sheikh Zayed,Sports,Football,3,114,273.6,0.2,79.55,Online
ORD01107,2024-08-06,CUST1935,Customer_414,Delta,Mansoura,Fashion,Shirt,3,1536,3686.4,0.2,768.68,Cash
ORD01108,2024-05-13,CUST3663,Customer_492,Alexandria,Gleem,Home,Chair,4,1222,3910.4,0.2,1142.83,Card
ORD01109,2024-05-07,CUST9893,Customer_152,Upper Egypt,Luxor,Fashion,Shoes,1,624,561.6,0.1,68.17,Card
ORD01110,2025-02-18,CUST1202,Customer_64,Alexandria,Gleem,Electronics,Headphones,3,600,1620.0,0.1,478.88,Card
ORD01111,2024-01-05,CUST8642,Customer_19,Alexandria,Montaza,Home,Vacuum,2,958,1628.6,0.15,169.89,Card
ORD01112,2024-11-08,CUST6145,Customer_489,Upper Egypt,Luxor,Fashion,Watch,1,1236,1236.0,0.0,209.02,Cash
ORD01113,2024-11-18,CUST3858,Customer_76,Upper Egypt,Assiut,Home,Vacuum,3,1829,4663.95,0.15,614.73,Online
ORD01114,2024-10-23,CUST6199,Customer_22,Cairo,Nasr City,Electronics,Phone,2,1451,2321.6,0.2,731.63,Online
ORD01115,2024-01-23,CUST4845,Customer_180,Giza,6th October,Home,Vacuum,1,1439,1295.1,0.1,304.49,Cash
ORD01116,2024-10-19,CUST7084,Customer_425,Cairo,Maadi,Sports,Football,5,208,988.0,0.05,149.2,Online
ORD01117,2024-07-03,CUST6488,Customer_500,Upper Egypt,Assiut,Sports,Dumbbells,2,100,180.0,0.1,45.31,Card
ORD01118,2024-03-17,CUST1418,Customer_55,Delta,Mansoura,Home,Blender,2,804,1608.0,0.0,277.73,Online
ORD01119,2025-01-06,CUST3458,Customer_196,Giza,Dokki,Home,Microwave,4,1751,5603.2,0.2,605.99,Online
ORD01120,2024-09-27,CUST1842,Customer_311,Cairo,Nasr City,Fashion,Watch,5,1551,7755.0,0.0,2418.77,Card
ORD01121,2024-05-04,CUST6385,Customer_125,Alexandria,Montaza,Sports,Dumbbells,3,449,1077.6,0.2,186.71,Card
ORD01122,2024-06-29,CUST9284,Customer_40,Giza,Dokki,Home,Blender,2,961,1633.7,0.15,311.17,Card
ORD01123,2024-03-05,CUST9808,Customer_126,Upper Egypt,Luxor,Fashion,Watch,4,520,1664.0,0.2,510.77,Card
ORD01124,2024-07-28,CUST7898,Customer_259,Alexandria,Montaza,Fashion,Jacket,3,749,2022.3,0.1,261.87,Cash
ORD01125,2024-05-14,CUST8698,Customer_381,Alexandria,Gleem,Fashion,Shoes,4,81,307.8,0.05,40.07,Cash
ORD01126,2024-09-28,CUST7358,Customer_463,Giza,6th October,Sports,Football,2,199,378.1,0.05,86.48,Card
ORD01127,2025-04-04,CUST6515,Customer_303,Delta,Tanta,Sports,Treadmill,3,293,791.1,0.1,256.6,Online
ORD01128,2024-11-18,CUST8368,Customer_380,Alexandria,Smouha,Electronics,Phone,3,1995,5087.25,0.15,1666.93,Card
ORD01129,2025-04-03,CUST1127,Customer_304,Delta,Mansoura,Fashion,Shoes,5,1926,7704.0,0.2,931.78,Online
ORD01130,2024-10-28,CUST5576,Customer_484,Delta,Zagazig,Sports,Bike,3,948,2701.8,0.05,613.76,Cash
ORD01131,2024-10-23,CUST9326,Customer_433,Giza,Dokki,Sports,Dumbbells,1,1205,964.0,0.2,312.65,Card
ORD01132,2025-01-11,CUST4451,Customer_221,Delta,Mansoura,Sports,Dumbbells,2,343,686.0,0.0,208.2,Online
ORD01133,2024-05-20,CUST8973,Customer_225,Delta,Zagazig,Home,Blender,3,633,1804.05,0.05,233.87,Cash
ORD01134,2024-04-15,CUST9334,Customer_387,Giza,Dokki,Home,Blender,2,1414,2545.2,0.1,344.24,Cash
ORD01135,2024-05-24,CUST7987,Customer_375,Cairo,Maadi,Electronics,Laptop,1,1050,1050.0,0.0,202.0,Card
ORD01136,2024-08-09,CUST9081,Customer_135,Alexandria,Smouha,Sports,Dumbbells,1,1516,1516.0,0.0,320.03,Cash
ORD01137,2024-06-16,CUST3567,Customer_260,Giza,Dokki,Electronics,Headphones,1,1574,1495.3,0.05,421.44,Card
ORD01138,2025-02-10,CUST9540,Customer_163,Delta,Mansoura,Electronics,Headphones,1,937,937.0,0.0,312.11,Cash
ORD01139,2025-04-27,CUST4607,Customer_345,Alexandria,Montaza,Electronics,Phone,2,330,528.0,0.2,102.46,Cash
ORD01140,2024-04-11,CUST2453,Customer_487,Delta,Mansoura,Fashion,Watch,2,1552,2638.4,0.15,450.24,Online
ORD01141,2024-04-01,CUST1635,Customer_215,Giza,6th October,Sports,Football,4,1192,3814.4,0.2,580.31,Online
ORD01142,2024-04-02,CUST5916,Customer_431,Delta,Zagazig,Sports,Treadmill,3,1041,2498.4,0.2,660.17,Cash
ORD01143,2024-05-31,CUST2581,Customer_113,Delta,Zagazig,Sports,Bike,4,1274,4586.4,0.1,1081.72,Cash
ORD01144,2024-08-25,CUST6224,Customer_339,Delta,Mansoura,Sports,Dumbbells,2,1406,2390.2,0.15,308.23,Cash
ORD01145,2024-12-17,CUST4847,Customer_15,Delta,Zagazig,Sports,Treadmill,4,1770,6018.0,0.15,1506.09,Card
ORD01146,2024-06-11,CUST7737,Customer_201,Delta,Zagazig,Fashion,Watch,1,1201,1080.9,0.1,178.78,Card
ORD01147,2025-02-23,CUST1747,Customer_158,Upper Egypt,Sohag,Home,Blender,3,1044,2975.4,0.05,550.33,Card
ORD01148,2024-03-07,CUST9843,Customer_11,Upper Egypt,Assiut,Fashion,Shoes,1,1991,1592.8,0.2,402.48,Online
ORD01149,2024-01-26,CUST9497,Customer_108,Cairo,Heliopolis,Electronics,Headphones,3,1620,3888.0,0.2,450.49,Card
ORD01150,2024-06-18,CUST7773,Customer_111,Alexandria,Smouha,Fashion,Watch,2,644,1223.6,0.05,400.93,Online
ORD01151,2024-09-05,CUST1692,Customer_81,Giza,6th October,Electronics,Phone,5,259,1036.0,0.2,206.67,Card
ORD01152,2024-07-12,CUST7565,Customer_68,Delta,Tanta,Fashion,Shoes,1,607,607.0,0.0,184.07,Online
ORD01153,2025-01-15,CUST9875,Customer_310,Delta,Tanta,Electronics,Phone,5,1528,6494.0,0.15,682.12,Cash
ORD01154,2024-08-05,CUST9394,Customer_381,Cairo,Maadi,Sports,Treadmill,5,1809,8140.5,0.1,2411.16,Cash
ORD01155,2024-05-29,CUST8037,Customer_48,Delta,Mansoura,Sports,Treadmill,1,591,472.8,0.2,103.0,Cash
ORD01156,2024-07-14,CUST1282,Customer_255,Upper Egypt,Luxor,Home,Chair,3,1908,4579.2,0.2,1037.87,Online
ORD01157,2024-04-28,CUST8325,Customer_190,Upper Egypt,Sohag,Electronics,Tablet,2,1233,2466.0,0.0,491.57,Card
ORD01158,2024-03-27,CUST4402,Customer_443,Alexandria,Smouha,Home,Vacuum,2,1708,3416.0,0.0,423.06,Card
ORD01159,2025-03-05,CUST4808,Customer_31,Alexandria,Smouha,Electronics,Laptop,4,1312,4460.8,0.15,1029.78,Card
ORD01160,2024-11-02,CUST7660,Customer_447,Delta,Mansoura,Home,Vacuum,2,124,223.2,0.1,60.77,Cash
ORD01161,2024-04-30,CUST6272,Customer_237,Delta,Zagazig,Fashion,Watch,5,1073,4828.5,0.1,1641.06,Online
ORD01162,2025-01-22,CUST1223,Customer_83,Upper Egypt,Luxor,Electronics,Phone,4,1482,5928.0,0.0,1149.57,Online
ORD01163,2024-11-16,CUST9594,Customer_250,Cairo,Nasr City,Fashion,Watch,1,129,109.65,0.15,24.54,Cash
ORD01164,2025-01-03,CUST5441,Customer_268,Alexandria,Gleem,Sports,Football,3,290,739.5,0.15,258.04,Card
ORD01165,2025-05-02,CUST7082,Customer_266,Alexandria,Gleem,Fashion,Shoes,3,1121,3194.85,0.05,960.7,Online
ORD01166,2025-01-01,CUST8763,Customer_6,Delta,Mansoura,Sports,Treadmill,3,1948,5551.8,0.05,783.13,Card
ORD01167,2024-04-12,CUST2537,Customer_276,Upper Egypt,Assiut,Fashion,Watch,1,61,54.9,0.1,15.12,Card
ORD01168,2024-10-13,CUST4703,Customer_177,Delta,Tanta,Electronics,Tablet,5,370,1850.0,0.0,347.08,Online
ORD01169,2025-01-27,CUST7607,Customer_479,Cairo,Nasr City,Home,Vacuum,4,1246,4485.6,0.1,860.42,Card
ORD01170,2024-05-23,CUST3921,Customer_135,Alexandria,Montaza,Fashion,Shirt,5,362,1810.0,0.0,511.62,Online
ORD01171,2025-05-09,CUST8756,Customer_108,Cairo,Nasr City,Sports,Dumbbells,5,1631,6524.0,0.2,1638.79,Cash
ORD01172,2025-03-23,CUST1004,Customer_166,Cairo,Nasr City,Fashion,Shirt,5,350,1662.5,0.05,234.75,Cash
ORD01173,2024-03-01,CUST4944,Customer_287,Cairo,Nasr City,Sports,Bike,4,719,2588.4,0.1,582.63,Card
ORD01174,2024-02-10,CUST4504,Customer_490,Upper Egypt,Sohag,Sports,Dumbbells,3,1767,4240.8,0.2,760.13,Cash
ORD01175,2024-05-08,CUST2970,Customer_286,Delta,Zagazig,Fashion,Watch,5,954,4054.5,0.15,1110.02,Card
ORD01176,2024-04-19,CUST4129,Customer_196,Delta,Tanta,Electronics,Headphones,4,1628,5860.8,0.1,1653.47,Card
ORD01177,2024-10-27,CUST6085,Customer_169,Giza,Sheikh Zayed,Electronics,Laptop,4,789,2524.8,0.2,375.49,Cash
ORD01178,2024-07-22,CUST1719,Customer_357,Delta,Mansoura,Electronics,Headphones,1,1375,1237.5,0.1,322.27,Online
ORD01179,2024-08-30,CUST9938,Customer_414,Delta,Mansoura,Electronics,Phone,4,1294,4399.6,0.15,979.24,Cash
ORD01180,2025-03-03,CUST2956,Customer_29,Cairo,Heliopolis,Electronics,Laptop,2,1833,3482.7,0.05,420.38,Card
ORD01181,2024-06-19,CUST6185,Customer_460,Cairo,Heliopolis,Electronics,Headphones,2,1391,2225.6,0.2,632.88,Online
ORD01182,2025-02-26,CUST9216,Customer_76,Giza,Sheikh Zayed,Home,Blender,4,902,3608.0,0.0,419.39,Online
ORD01183,2024-09-15,CUST7705,Customer_89,Delta,Tanta,Fashion,Watch,1,614,491.2,0.2,73.52,Online
ORD01184,2024-12-22,CUST2410,Customer_290,Cairo,Heliopolis,Home,Vacuum,1,749,636.65,0.15,154.1,Card
ORD01185,2025-05-09,CUST1329,Customer_393,Cairo,Nasr City,Electronics,Laptop,1,430,387.0,0.1,95.89,Cash
ORD01186,2024-12-14,CUST4130,Customer_383,Cairo,Nasr City,Home,Chair,1,1846,1753.7,0.05,310.31,Online
ORD01187,2024-06-10,CUST7782,Customer_116,Giza,Dokki,Electronics,Tablet,3,414,1117.8,0.1,151.02,Cash
ORD01188,2024-09-07,CUST6818,Customer_297,Delta,Tanta,Fashion,Jacket,3,1478,3768.9,0.15,626.15,Card
ORD01189,2024-10-02,CUST4451,Customer_360,Delta,Zagazig,Sports,Treadmill,1,1994,1595.2,0.2,313.33,Card
ORD01190,2025-01-15,CUST5406,Customer_47,Delta,Zagazig,Home,Microwave,3,1482,3556.8,0.2,846.17,Online
ORD01191,2024-11-19,CUST4054,Customer_244,Giza,Dokki,Fashion,Watch,3,114,342.0,0.0,78.41,Cash
ORD01192,2024-06-14,CUST2713,Customer_323,Upper Egypt,Luxor,Home,Vacuum,5,823,3292.0,0.2,1070.95,Card
ORD01193,2024-07-02,CUST6018,Customer_84,Cairo,Nasr City,Sports,Bike,3,739,2217.0,0.0,325.41,Card
ORD01194,2024-08-10,CUST7542,Customer_243,Alexandria,Smouha,Electronics,Tablet,5,984,3936.0,0.2,960.35,Cash
ORD01195,2025-05-12,CUST4838,Customer_391,Delta,Zagazig,Home,Vacuum,4,1439,4892.6,0.15,856.42,Online
ORD01196,2024-09-19,CUST3726,Customer_473,Cairo,Heliopolis,Sports,Dumbbells,5,870,3480.0,0.2,372.84,Card
ORD01197,2024-01-28,CUST2481,Customer_159,Alexandria,Montaza,Fashion,Shoes,2,1408,2534.4,0.1,753.08,Cash
ORD01198,2024-03-29,CUST5936,Customer_158,Delta,Mansoura,Sports,Treadmill,4,51,193.8,0.05,29.09,Cash
ORD01199,2024-10-11,CUST7131,Customer_3,Giza,6th October,Fashion,Watch,1,1533,1456.35,0.05,201.75,Card
ORD01200,2025-04-12,CUST8738,Customer_343,Giza,Dokki,Electronics,Tablet,5,1456,6188.0,0.15,1699.81,Card
